Name,Academic Press,Course Clarity,Cultural Awareness and Inclusive Classroom Instruction,Guidance,Personal Attention and Support,Preventing Bullying,Safety,Student-Teacher Trust
01M034 - P.S. 034 Franklin D. Roosevelt,60.0,71.0,89.0,84.0,69.0,64.0,86.0,89.0
01M140 - P.S. 140 Nathan Straus,67.0,84.0,95.0,99.0,85.0,77.0,96.0,94.0
01M184 - P.S. 184m Shuang Wen,65.0,79.0,88.0,90.0,68.0,85.0,88.0,83.0
01M188 - P.S. 188 The Island School,99.0,100.0,99.0,100.0,100.0,98.0,99.0,100.0
01M292 - Orchard Collegiate Academy,68.0,74.0,97.0,91.0,67.0,88.0,91.0,90.0
01M332 - University Neighborhood Middle School,68.0,78.0,92.0,89.0,76.0,85.0,93.0,89.0
01M378 - School for Global Leaders,66.0,83.0,92.0,82.0,75.0,86.0,84.0,84.0
01M448 - University Neighborhood High School,73.0,83.0,96.0,91.0,82.0,93.0,93.0,94.0
01M450 - East Side Community School,78.0,86.0,95.0,91.0,81.0,88.0,95.0,91.0
01M515 - Lower East Side Preparatory High School,72.0,83.0,96.0,96.0,83.0,88.0,90.0,97.0
"01M539 - New Explorations into Science, Technology and Math High School",76.0,79.0,90.0,79.0,66.0,86.0,89.0,86.0
01M696 - Bard High School Early College,88.0,84.0,93.0,87.0,71.0,89.0,93.0,90.0
01M839 - Tompkins Square Middle School,73.0,80.0,93.0,93.0,74.0,88.0,91.0,87.0
02M047 - 47 The American Sign Language and English Secondary School,67.0,73.0,94.0,85.0,71.0,93.0,90.0,91.0
02M104 - J.H.S. 104 Simon Baruch,64.0,80.0,90.0,86.0,68.0,84.0,90.0,86.0
02M114 - East Side Middle School,76.0,85.0,89.0,73.0,71.0,94.0,95.0,85.0
02M126 - P.S. 126 Jacob August Riis,69.0,86.0,94.0,92.0,72.0,93.0,90.0,89.0
02M131 - M.S. 131,67.0,76.0,89.0,89.0,62.0,81.0,85.0,84.0
02M135 - The Urban Assembly School for Emergency Management,69.0,74.0,94.0,89.0,70.0,86.0,93.0,92.0
02M139 - Stephen T. Mather Building Arts & Craftsmanship High School,73.0,85.0,93.0,88.0,84.0,88.0,97.0,94.0
02M167 - J.H.S. 167 Robert F. Wagner,70.0,80.0,92.0,90.0,72.0,80.0,91.0,88.0
02M177 - Yorkville East Middle School,69.0,78.0,89.0,84.0,69.0,92.0,94.0,87.0
02M217 - P.S./I.S. 217 Roosevelt Island,69.0,81.0,93.0,81.0,72.0,86.0,90.0,88.0
02M225 - Ella Baker School,68.0,84.0,93.0,98.0,82.0,78.0,89.0,92.0
02M255 - M.S. 255 Salk School of Science,82.0,89.0,94.0,83.0,80.0,94.0,96.0,91.0
02M260 - The Clinton School,75.0,82.0,88.0,79.0,69.0,93.0,94.0,88.0
02M276 - Battery Park City School,69.0,79.0,87.0,80.0,65.0,93.0,95.0,83.0
02M280 - Manhattan Early College School for Advertising,80.0,96.0,100.0,97.0,100.0,96.0,100.0,100.0
02M282 - Urban Assembly Maker Academy,76.0,82.0,96.0,92.0,82.0,92.0,97.0,91.0
02M288 - Food and Finance High School,62.0,70.0,93.0,80.0,60.0,81.0,88.0,87.0
02M289 - I.S. 289,67.0,71.0,93.0,81.0,62.0,90.0,92.0,88.0
02M294 - Essex Street Academy,74.0,83.0,96.0,86.0,83.0,90.0,95.0,95.0
02M297 - M.S. 297,66.0,71.0,94.0,76.0,70.0,81.0,92.0,84.0
02M298 - Pace High School,72.0,77.0,91.0,88.0,70.0,87.0,95.0,89.0
"02M300 - Urban Assembly School of Design and Construction, The",73.0,86.0,95.0,95.0,88.0,85.0,93.0,96.0
"02M303 - Facing History School, The",71.0,78.0,92.0,79.0,77.0,82.0,93.0,92.0
"02M305 - Urban Assembly Academy of Government and Law, The",67.0,73.0,92.0,86.0,68.0,83.0,92.0,91.0
02M308 - Lower Manhattan Arts Academy,67.0,71.0,90.0,81.0,64.0,82.0,90.0,88.0
02M312 - New York City Lab Middle School for Collaborative Studies,77.0,86.0,95.0,89.0,73.0,93.0,93.0,88.0
"02M313 - James Baldwin School, The: A School for Expeditionary Learning",70.0,89.0,98.0,97.0,89.0,95.0,97.0,100.0
"02M316 - Urban Assembly School of Business for Young Women, the",66.0,76.0,93.0,85.0,73.0,85.0,90.0,92.0
02M347 - The 47 American Sign Language & English Lower School,67.0,86.0,92.0,94.0,79.0,83.0,90.0,91.0
02M374 - Gramercy Arts High School,59.0,67.0,87.0,75.0,71.0,84.0,90.0,89.0
02M376 - NYC iSchool,79.0,85.0,94.0,92.0,75.0,90.0,95.0,91.0
02M392 - Manhattan Business Academy,68.0,75.0,92.0,84.0,73.0,86.0,88.0,90.0
02M393 - Business Of Sports School,68.0,82.0,91.0,86.0,73.0,81.0,90.0,90.0
02M394 - Emma Lazarus High School,75.0,87.0,95.0,96.0,87.0,96.0,90.0,94.0
02M397 - Spruce Street School,67.0,80.0,90.0,77.0,72.0,90.0,94.0,87.0
02M399 - The High School For Language And Diplomacy,60.0,74.0,92.0,86.0,62.0,84.0,93.0,93.0
02M400 - High School for Environmental Studies,62.0,76.0,92.0,89.0,66.0,88.0,90.0,89.0
02M407 - Institute for Collaborative Education,84.0,77.0,71.0,,85.0,89.0,97.0,97.0
02M408 - Professional Performing Arts High School,74.0,74.0,92.0,75.0,62.0,89.0,89.0,80.0
02M411 - Baruch College Campus High School,79.0,78.0,89.0,85.0,67.0,88.0,93.0,89.0
02M412 - N.Y.C. Lab School for Collaborative Studies,76.0,78.0,90.0,78.0,69.0,96.0,97.0,88.0
02M413 - School of the Future High School,74.0,82.0,92.0,74.0,73.0,85.0,93.0,87.0
02M414 - N.Y.C. Museum School,72.0,71.0,89.0,77.0,54.0,87.0,92.0,83.0
02M416 - Eleanor Roosevelt High School,81.0,77.0,85.0,77.0,60.0,85.0,96.0,85.0
02M418 - Millennium High School,80.0,79.0,89.0,81.0,60.0,94.0,94.0,86.0
02M419 - Landmark High School,70.0,78.0,94.0,87.0,78.0,83.0,90.0,94.0
02M420 - High School for Health Professions and Human Services,67.0,75.0,92.0,79.0,60.0,87.0,92.0,89.0
02M422 - Quest to Learn,64.0,74.0,88.0,72.0,65.0,82.0,90.0,84.0
02M425 - Leadership and Public Service High School,67.0,78.0,94.0,86.0,78.0,86.0,92.0,92.0
02M427 - Manhattan Academy For Arts & Language,69.0,85.0,95.0,93.0,87.0,89.0,95.0,94.0
02M432 - Murray Hill Academy,73.0,85.0,92.0,82.0,83.0,90.0,91.0,92.0
02M437 - Hudson High School of Learning Technologies,68.0,78.0,94.0,92.0,71.0,88.0,88.0,88.0
02M438 - International High School at Union Square,67.0,85.0,93.0,87.0,81.0,90.0,96.0,94.0
02M439 - Manhattan Village Academy,81.0,87.0,95.0,89.0,78.0,95.0,96.0,94.0
"02M442 - Ballet Tech, NYC Public School for Dance",75.0,82.0,95.0,93.0,72.0,95.0,91.0,83.0
02M449 - Vanguard High School,72.0,77.0,94.0,88.0,75.0,88.0,92.0,93.0
02M459 - Manhattan International High School,70.0,85.0,94.0,88.0,81.0,93.0,91.0,93.0
02M475 - Stuyvesant High School,83.0,80.0,89.0,83.0,57.0,91.0,93.0,85.0
02M489 - High School of Economics and Finance,71.0,85.0,95.0,87.0,75.0,88.0,96.0,91.0
02M500 - Unity Center for Urban Technologies,100.0,100.0,100.0,100.0,100.0,99.0,99.0,100.0
02M507 - Urban Assembly Gateway School for Technology,75.0,87.0,95.0,90.0,80.0,89.0,93.0,92.0
02M519 - Talent Unlimited High School,70.0,75.0,96.0,84.0,63.0,88.0,94.0,87.0
02M520 - Murry Bergtraum High School for Business Careers,65.0,75.0,95.0,75.0,75.0,87.0,93.0,89.0
02M529 - Jacqueline Kennedy Onassis High School,68.0,75.0,93.0,90.0,72.0,87.0,92.0,88.0
02M531 - Repertory Company High School for Theatre Arts,78.0,81.0,93.0,85.0,68.0,91.0,91.0,88.0
02M533 - Union Square Academy for Health Sciences,66.0,76.0,92.0,85.0,70.0,91.0,89.0,90.0
02M534 - Harvest Collegiate High School,71.0,73.0,92.0,83.0,67.0,82.0,92.0,87.0
02M542 - Manhattan Bridges High School,76.0,85.0,92.0,94.0,81.0,87.0,94.0,94.0
02M543 - New Design High School,71.0,84.0,95.0,93.0,81.0,91.0,95.0,94.0
02M545 - High School for Dual Language and Asian Studies,72.0,76.0,95.0,89.0,66.0,87.0,83.0,93.0
02M546 - Academy for Software Engineering,65.0,75.0,90.0,86.0,70.0,89.0,92.0,88.0
02M550 - Liberty High School Academy for Newcomers,62.0,84.0,93.0,86.0,74.0,90.0,84.0,90.0
02M551 - Urban Assembly New York Harbor School,69.0,75.0,93.0,93.0,71.0,92.0,97.0,93.0
02M560 - High School M560 - City As School,67.0,88.0,96.0,83.0,92.0,100.0,97.0,97.0
02M565 - Urban Academy Laboratory High School,81.0,89.0,95.0,96.0,89.0,91.0,98.0,97.0
02M570 - Satellite Academy High School,55.0,78.0,92.0,95.0,81.0,94.0,97.0,93.0
02M575 - Manhattan Comprehensive Night and Day High School,73.0,88.0,91.0,94.0,79.0,92.0,88.0,96.0
02M580 - Richard R. Green High School of Teaching,72.0,90.0,91.0,94.0,83.0,89.0,97.0,95.0
02M600 - The High School of Fashion Industries,69.0,78.0,95.0,85.0,65.0,88.0,91.0,91.0
02M605 - Humanities Preparatory Academy,71.0,83.0,97.0,85.0,83.0,99.0,95.0,94.0
02M615 - Chelsea Career and Technical Education High School,67.0,77.0,93.0,89.0,69.0,86.0,90.0,89.0
02M630 - Art and Design High School,68.0,77.0,93.0,82.0,66.0,86.0,92.0,87.0
02M655 - The High School for Climate Justice,71.0,81.0,97.0,90.0,76.0,89.0,95.0,93.0
02M896 - Lower Manhattan Community Middle School,73.0,79.0,95.0,90.0,75.0,90.0,94.0,90.0
02M933 - City Knoll Middle School,67.0,73.0,90.0,91.0,72.0,83.0,86.0,90.0
03M054 - J.H.S. 054 Booker T. Washington,72.0,79.0,87.0,82.0,61.0,87.0,91.0,81.0
03M076 - P.S. 076 A. Philip Randolph,72.0,79.0,95.0,89.0,63.0,85.0,91.0,86.0
03M149 - P.S. 149 Sojourner Truth,68.0,77.0,90.0,90.0,74.0,61.0,85.0,88.0
03M180 - P.S. 180 Hugo Newman,64.0,79.0,86.0,83.0,66.0,73.0,85.0,78.0
03M191 - The Riverside School for Makers and Artists,69.0,75.0,91.0,92.0,76.0,73.0,91.0,88.0
03M243 - M.S. 243 Center School,78.0,82.0,93.0,94.0,70.0,92.0,97.0,87.0
03M245 - M.S. M245 The Computer School,79.0,84.0,94.0,94.0,72.0,90.0,96.0,91.0
03M247 - M.S. M247 Dual Language Middle School,71.0,84.0,95.0,94.0,77.0,92.0,94.0,92.0
03M250 - M.S. 250 West Side Collaborative Middle School,73.0,82.0,90.0,93.0,86.0,76.0,92.0,94.0
03M256 - Lafayette Academy,67.0,85.0,94.0,92.0,78.0,90.0,91.0,91.0
03M258 - Community Action School - MS 258,65.0,78.0,89.0,91.0,72.0,82.0,89.0,87.0
03M291 - West End Secondary School,78.0,81.0,89.0,79.0,71.0,91.0,92.0,84.0
03M299 - The Maxine Greene HS for Imaginative Inquiry,57.0,69.0,87.0,72.0,70.0,78.0,83.0,90.0
"03M307 - Urban Assembly School for Media Studies, The",75.0,87.0,92.0,95.0,82.0,89.0,96.0,94.0
03M333 - P.S. 333 Manhattan School for Children,72.0,80.0,89.0,72.0,73.0,85.0,91.0,84.0
03M334 - The Anderson School,79.0,85.0,93.0,82.0,69.0,95.0,96.0,86.0
03M402 - The Urban Assembly School for Green Careers,70.0,72.0,91.0,86.0,79.0,87.0,92.0,89.0
03M403 - The Global Learning Collaborative,61.0,76.0,92.0,83.0,67.0,89.0,92.0,89.0
03M404 - Innovation Diploma Plus,73.0,87.0,97.0,94.0,93.0,78.0,99.0,95.0
03M415 - Wadleigh Secondary School for the Performing & Visual Arts,67.0,76.0,92.0,90.0,67.0,89.0,89.0,89.0
03M417 - Frank McCourt High School,79.0,80.0,92.0,91.0,75.0,89.0,93.0,92.0
03M421 - West Prep Academy,71.0,65.0,95.0,100.0,74.0,83.0,93.0,98.0
03M479 - Beacon High School,79.0,80.0,87.0,78.0,56.0,86.0,92.0,83.0
03M485 - Fiorello H. LaGuardia High School of Music & Art and Performing Arts,65.0,72.0,87.0,68.0,53.0,88.0,88.0,81.0
03M494 - High School of Arts and Technology,66.0,74.0,93.0,92.0,68.0,78.0,87.0,90.0
03M505 - Edward A. Reynolds West Side High School,55.0,69.0,93.0,92.0,60.0,97.0,98.0,97.0
03M541 - Manhattan / Hunter Science High School,76.0,82.0,91.0,80.0,66.0,93.0,94.0,88.0
03M859 - Special Music School,79.0,90.0,95.0,86.0,81.0,95.0,95.0,95.0
03M860 - Frederick Douglass Academy II Secondary School,68.0,77.0,87.0,88.0,71.0,79.0,84.0,86.0
03M862 - Mott Hall II,75.0,77.0,93.0,90.0,65.0,81.0,91.0,85.0
04M007 - P.S. 007 Samuel Stern,67.0,85.0,95.0,91.0,81.0,82.0,91.0,91.0
04M012 - Tag Young Scholars,67.0,79.0,92.0,75.0,61.0,87.0,85.0,81.0
04M057 - James Weldon Johnson,64.0,73.0,88.0,89.0,71.0,65.0,81.0,84.0
04M096 - P.S. 096 Joseph Lanzetta,68.0,85.0,89.0,83.0,83.0,71.0,82.0,88.0
04M108 - P.S. 108 Assemblyman Angelo Del Toro Educational Complex,73.0,83.0,93.0,96.0,78.0,81.0,93.0,91.0
04M171 - P.S. 171 Patrick Henry,84.0,93.0,98.0,96.0,90.0,92.0,95.0,94.0
04M206 - P.S. 206 Jose Celso Barbosa,67.0,75.0,92.0,89.0,68.0,69.0,85.0,86.0
04M224 - M.S. 224 Manhattan East School for Arts & Academics,67.0,80.0,92.0,90.0,64.0,89.0,93.0,85.0
04M372 - Esperanza Preparatory Academy,63.0,72.0,88.0,83.0,64.0,77.0,86.0,86.0
04M377 - Renaissance School of the Arts,63.0,71.0,85.0,91.0,68.0,73.0,87.0,85.0
04M435 - Manhattan Center for Science and Mathematics,75.0,83.0,94.0,86.0,73.0,92.0,95.0,91.0
04M495 - Park East High School,74.0,88.0,93.0,90.0,83.0,88.0,92.0,93.0
04M555 - Central Park East High School,79.0,86.0,95.0,92.0,75.0,96.0,95.0,94.0
04M610 - Young Women's Leadership School,74.0,80.0,96.0,86.0,71.0,90.0,93.0,92.0
"04M680 - Heritage School, The",63.0,76.0,92.0,80.0,73.0,77.0,94.0,92.0
04M825 - Isaac Newton Middle School for Math & Science,61.0,80.0,92.0,86.0,72.0,80.0,89.0,87.0
04M964 - Central Park East II,70.0,83.0,96.0,94.0,79.0,83.0,90.0,92.0
05M046 - P.S. 046 Arthur Tappan,66.0,80.0,89.0,86.0,79.0,74.0,88.0,86.0
05M123 - P.S. 123 Mahalia Jackson,61.0,80.0,90.0,83.0,78.0,73.0,86.0,87.0
05M129 - P.S. 129 John H. Finley,65.0,82.0,92.0,95.0,77.0,74.0,89.0,86.0
05M148 - Eagle Academy for Young Men of Harlem,66.0,72.0,88.0,82.0,70.0,76.0,79.0,84.0
05M157 - The Urban Assembly School for Global Commerce,70.0,73.0,94.0,86.0,73.0,77.0,86.0,91.0
05M161 - P.S. 161 Pedro Albizu Campos,66.0,77.0,94.0,86.0,73.0,70.0,90.0,88.0
05M285 - Harlem Renaissance High School,90.0,97.0,97.0,100.0,83.0,83.0,90.0,100.0
05M286 - Urban Assembly Academy for Future Leaders,68.0,75.0,90.0,86.0,73.0,87.0,87.0,84.0
05M304 - Mott Hall High School,63.0,66.0,90.0,80.0,64.0,69.0,80.0,84.0
05M362 - Columbia Secondary School,74.0,78.0,88.0,82.0,58.0,85.0,88.0,82.0
05M369 - Urban Assembly School for the Performing Arts,68.0,73.0,96.0,90.0,70.0,78.0,88.0,95.0
05M371 - School of Earth Exploration and Discovery Harlem (SEED Harlem),71.0,82.0,91.0,81.0,84.0,90.0,91.0,92.0
05M499 - Frederick Douglass Academy,63.0,71.0,88.0,86.0,56.0,71.0,89.0,83.0
05M514 - New Design Middle School,60.0,69.0,87.0,78.0,58.0,70.0,71.0,81.0
"05M692 - High School for Mathematics, Science and Engineering at City College",84.0,86.0,91.0,85.0,66.0,92.0,96.0,87.0
06M018 - P.S. 018 Park Terrace,68.0,81.0,95.0,94.0,79.0,78.0,90.0,91.0
06M052 - Harold O. Levy School,60.0,75.0,90.0,88.0,71.0,74.0,84.0,84.0
06M143 - J.H.S. 143 Eleanor Roosevelt,59.0,76.0,90.0,87.0,70.0,83.0,83.0,87.0
06M187 - P.S./I.S. 187 Hudson Cliffs,66.0,76.0,92.0,84.0,61.0,81.0,95.0,82.0
06M209 - Hamilton Grange Middle School,75.0,82.0,93.0,93.0,79.0,79.0,88.0,91.0
06M210 - P.S./I.S. 210 - Twenty-first Century Academy for Community Leadership,57.0,78.0,93.0,89.0,68.0,86.0,91.0,89.0
06M211 - Inwood Early College for Health and Information Technologies,70.0,82.0,93.0,88.0,74.0,87.0,97.0,91.0
06M223 - The Mott Hall School,71.0,84.0,95.0,94.0,76.0,93.0,94.0,90.0
06M278 - Paula Hedbavny School,70.0,79.0,89.0,85.0,73.0,74.0,90.0,88.0
06M293 - City College Academy of the Arts,71.0,82.0,93.0,90.0,74.0,87.0,94.0,90.0
06M311 - Amistad Dual Language School,68.0,80.0,93.0,93.0,73.0,91.0,93.0,90.0
06M319 - M.S. 319 - Maria Teresa,64.0,76.0,92.0,88.0,68.0,76.0,87.0,87.0
06M322 - Middle School 322,65.0,76.0,92.0,89.0,70.0,78.0,89.0,86.0
06M324 - M.S. 324 - Patria Mirabal,71.0,100.0,100.0,100.0,80.0,77.0,100.0,100.0
06M328 - Community Math & Science Prep,69.0,80.0,92.0,87.0,83.0,84.0,88.0,90.0
06M346 - Community Health Academy of the Heights,70.0,85.0,94.0,93.0,83.0,83.0,93.0,93.0
06M348 - Washington Heights Expeditionary Learning School,78.0,86.0,95.0,97.0,83.0,83.0,92.0,94.0
06M349 - Harbor Heights,70.0,84.0,89.0,96.0,83.0,79.0,88.0,96.0
06M366 - Washington Heights Academy,77.0,91.0,92.0,95.0,85.0,85.0,92.0,90.0
06M423 - High School for Excellence and Innovation,93.0,99.0,100.0,100.0,97.0,95.0,100.0,100.0
06M462 - The College Academy,81.0,89.0,95.0,92.0,88.0,95.0,93.0,93.0
06M463 - High School for Media and Communications,69.0,82.0,93.0,94.0,80.0,85.0,91.0,94.0
06M467 - High School for Law and Public Service,68.0,78.0,95.0,89.0,72.0,80.0,87.0,90.0
06M468 - High School for Health Careers and Sciences,72.0,88.0,95.0,93.0,85.0,78.0,91.0,93.0
06M528 - I.S. 528 Bea Fuller Rodgers School,73.0,81.0,93.0,95.0,78.0,87.0,93.0,93.0
06M540 - A. Philip Randolph Campus High School,62.0,75.0,88.0,84.0,59.0,75.0,84.0,84.0
06M552 - Gregorio Luperon High School for Science and Mathematics,68.0,84.0,95.0,92.0,78.0,91.0,93.0,94.0
07X005 - P.S. 5 Port Morris,69.0,76.0,91.0,90.0,69.0,68.0,82.0,85.0
07X029 - P.S./M.S. 029 Melrose School,73.0,81.0,92.0,89.0,76.0,71.0,86.0,89.0
07X031 - P.S./M.S. 031 The William Lloyd Garrison,67.0,71.0,87.0,81.0,61.0,60.0,77.0,75.0
07X151 - J.H.S. 151 Lou Gehrig,68.0,75.0,90.0,90.0,73.0,68.0,79.0,88.0
07X221 - South Bronx Preparatory: A College Board School,72.0,83.0,96.0,86.0,75.0,88.0,93.0,92.0
07X223 - The Laboratory School of Finance and Technology: X223,73.0,82.0,94.0,90.0,75.0,84.0,91.0,91.0
07X224 - P.S./I.S. 224,64.0,76.0,87.0,90.0,71.0,72.0,82.0,85.0
"07X259 - H.E.R.O. High (Health, Education, and Research Occupations High School)",74.0,84.0,96.0,91.0,83.0,86.0,92.0,93.0
07X296 - South Bronx Academy for Applied Media,71.0,81.0,94.0,91.0,77.0,74.0,89.0,91.0
07X298 - Academy of Public Relations,68.0,77.0,91.0,83.0,69.0,79.0,83.0,88.0
07X334 - International Community High School,64.0,84.0,95.0,91.0,79.0,89.0,87.0,93.0
07X343 - Academy of Applied Mathematics and Technology,72.0,78.0,91.0,89.0,67.0,80.0,86.0,85.0
07X379 - Jill Chaifetz Transfer High School,74.0,87.0,95.0,96.0,91.0,94.0,98.0,99.0
07X381 - Bronx Haven High School,72.0,87.0,95.0,92.0,77.0,100.0,93.0,97.0
07X427 - Community School for Social Justice,81.0,86.0,95.0,93.0,86.0,84.0,95.0,96.0
07X473 - Mott Haven Village Preparatory High School,64.0,77.0,91.0,86.0,68.0,72.0,89.0,86.0
07X495 - University Heights Secondary School,74.0,83.0,96.0,94.0,72.0,95.0,91.0,92.0
07X500 - Hostos-Lincoln Academy of Science,65.0,81.0,89.0,88.0,63.0,85.0,90.0,88.0
07X522 - Bronx Design and Construction Academy,69.0,79.0,89.0,87.0,72.0,80.0,81.0,86.0
07X527 - Bronx Leadership Academy II High School,67.0,80.0,93.0,96.0,76.0,83.0,94.0,94.0
07X548 - Careers in Sports High School,64.0,77.0,94.0,87.0,74.0,87.0,93.0,91.0
07X551 - The Urban Assembly Bronx Academy of Letters,63.0,74.0,90.0,80.0,71.0,76.0,83.0,87.0
07X557 - Mott Haven Community High School,84.0,87.0,99.0,100.0,100.0,100.0,98.0,98.0
07X584 - I.S. 584,73.0,75.0,90.0,93.0,77.0,84.0,84.0,88.0
07X600 - Alfred E. Smith Career and Technical Education High School,60.0,71.0,88.0,82.0,64.0,80.0,84.0,84.0
07X625 - Bronx Legacy High School,79.0,90.0,93.0,87.0,86.0,98.0,98.0,93.0
07X670 - Health Opportunities High School,72.0,82.0,95.0,92.0,78.0,84.0,92.0,95.0
08X071 - P.S. 071 Rose E. Scala,64.0,84.0,89.0,80.0,73.0,66.0,85.0,87.0
08X101 - M.S. X101 Edward R. Byrne,64.0,80.0,89.0,90.0,64.0,79.0,93.0,83.0
08X123 - J.H.S. 123 James M. Kieran,63.0,77.0,91.0,89.0,69.0,73.0,83.0,89.0
08X131 - J.H.S. 131 Albert Einstein,62.0,75.0,86.0,89.0,66.0,68.0,82.0,83.0
08X269 - Bronx Studio School for Writers and Artists,66.0,68.0,92.0,82.0,67.0,75.0,87.0,86.0
08X282 - Women's Academy of Excellence,70.0,76.0,90.0,89.0,73.0,76.0,84.0,87.0
08X293 - Renaissance High School for Musical Theater and the Arts,69.0,81.0,94.0,87.0,71.0,88.0,90.0,93.0
08X301 - M.S. 301 Paul L. Dunbar,88.0,92.0,97.0,99.0,90.0,91.0,95.0,95.0
08X302 - M.S. 302 Luisa Dessus Cruz,65.0,77.0,89.0,93.0,72.0,76.0,84.0,87.0
08X312 - Millennium Art Academy,69.0,80.0,95.0,81.0,72.0,86.0,90.0,92.0
08X320 - Pelham Lab High School,68.0,78.0,91.0,86.0,73.0,80.0,88.0,88.0
08X337 - The School for Inquiry and Social Justice,63.0,81.0,93.0,87.0,75.0,81.0,88.0,87.0
08X348 - Schuylerville Preparatory High School,56.0,69.0,90.0,70.0,60.0,74.0,83.0,87.0
08X349 - Bronx River High School,66.0,80.0,94.0,84.0,71.0,80.0,88.0,89.0
"08X367 - Archimedes Academy for Math, Science and Technology Applications",62.0,82.0,91.0,83.0,70.0,76.0,85.0,89.0
08X371 - Urban Institute of Mathematics,65.0,82.0,89.0,86.0,72.0,78.0,89.0,86.0
08X375 - The Bronx Mathematics Preparatory School,65.0,78.0,89.0,86.0,73.0,70.0,85.0,88.0
08X376 - Antonia Pantoja Preparatory Academy: A College Board School,59.0,71.0,90.0,87.0,67.0,68.0,82.0,85.0
08X377 - Bronx Community High School,78.0,80.0,95.0,89.0,86.0,83.0,100.0,94.0
08X405 - Herbert H. Lehman High School,66.0,74.0,92.0,78.0,68.0,76.0,89.0,89.0
08X424 - Bronx Academy for Multi-Media,70.0,82.0,93.0,89.0,77.0,81.0,84.0,90.0
08X432 - Bronx Bridges High School,68.0,82.0,90.0,89.0,81.0,87.0,87.0,91.0
08X448 - Soundview Academy for Culture and Scholarship,61.0,78.0,93.0,88.0,74.0,79.0,90.0,94.0
08X452 - Gotham Collaborative High School,70.0,77.0,91.0,89.0,73.0,71.0,81.0,84.0
08X467 - Mott Hall Community School,65.0,82.0,94.0,88.0,77.0,79.0,89.0,91.0
08X530 - Longwood Preparatory Academy,70.0,76.0,97.0,85.0,73.0,81.0,91.0,89.0
08X537 - Bronx Arena High School,70.0,94.0,90.0,93.0,95.0,94.0,98.0,99.0
08X558 - Westchester Square Academy,66.0,83.0,88.0,85.0,72.0,80.0,84.0,89.0
08X559 - School for Tourism and Hospitality,64.0,64.0,95.0,89.0,75.0,80.0,89.0,91.0
08X561 - Bronx Compass High School,66.0,77.0,92.0,84.0,70.0,83.0,89.0,90.0
08X562 - Pugsley Preparatory Academy,62.0,80.0,92.0,89.0,72.0,73.0,89.0,86.0
09X004 - P.S./M.S. 004 Crotona Park West,79.0,87.0,97.0,91.0,85.0,85.0,89.0,92.0
09X022 - J.H.S. 022 Jordan L. Mott,63.0,79.0,91.0,90.0,74.0,78.0,83.0,87.0
09X117 - I.S. 117 Joseph H. Wade,62.0,76.0,91.0,91.0,72.0,76.0,87.0,87.0
09X128 - Mott Hall III,76.0,80.0,91.0,90.0,71.0,84.0,86.0,88.0
09X215 - Kappa,66.0,80.0,92.0,91.0,74.0,77.0,84.0,87.0
09X218 - P.S./I.S. 218 Rafael Hernandez Dual Language Magnet School,63.0,74.0,89.0,85.0,64.0,75.0,82.0,86.0
09X219 - I.S. 219 New Venture School,71.0,81.0,91.0,89.0,79.0,70.0,87.0,89.0
09X227 - Bronx Collegiate Academy,76.0,86.0,93.0,93.0,80.0,90.0,92.0,94.0
09X229 - I.S. 229 Roland Patterson,71.0,77.0,92.0,94.0,72.0,80.0,84.0,91.0
09X231 - Eagle Academy for Young Men,68.0,78.0,91.0,79.0,71.0,71.0,86.0,86.0
09X232 - I.S. 232,64.0,75.0,91.0,87.0,66.0,74.0,86.0,87.0
"09X241 - Urban Assembly School for Applied Math and Science, The",68.0,81.0,91.0,85.0,78.0,76.0,90.0,88.0
09X250 - Eximius College Preparatory Academy: A College Board School,64.0,73.0,88.0,77.0,64.0,80.0,89.0,88.0
09X252 - Mott Hall Bronx High School,72.0,74.0,90.0,87.0,71.0,78.0,88.0,90.0
09X260 - Bronx Center for Science and Mathematics,70.0,75.0,91.0,84.0,71.0,89.0,90.0,90.0
09X263 - Validus Preparatory Academy,62.0,71.0,92.0,88.0,68.0,80.0,89.0,88.0
09X297 - Morris Academy for Collaborative Studies,70.0,77.0,93.0,92.0,73.0,87.0,91.0,91.0
09X303 - I.S. X303 Leadership & Community Service,72.0,84.0,95.0,96.0,81.0,85.0,92.0,93.0
09X313 - I.S. 313 School of Leadership Development,65.0,77.0,90.0,92.0,70.0,78.0,81.0,85.0
09X323 - Bronx Writing Academy,67.0,79.0,91.0,92.0,75.0,74.0,85.0,90.0
09X324 - Bronx Early College Academy for Teaching & Learning,68.0,84.0,93.0,88.0,81.0,77.0,93.0,93.0
09X327 - Comprehensive Model School Project M.S. 327,68.0,79.0,92.0,92.0,74.0,83.0,93.0,90.0
09X328 - New Millennium Bronx Academy of the Arts,62.0,75.0,89.0,87.0,67.0,72.0,84.0,85.0
09X329 - DreamYard Preparatory School,68.0,81.0,94.0,88.0,76.0,84.0,90.0,91.0
09X339 - I.S. 339,64.0,75.0,87.0,87.0,64.0,70.0,78.0,84.0
09X350 - New Directions Secondary School,70.0,81.0,94.0,83.0,75.0,81.0,86.0,91.0
09X361 - The Highbridge Green School,69.0,82.0,94.0,93.0,80.0,84.0,91.0,91.0
09X365 - Academy for Language and Technology,99.0,99.0,100.0,100.0,99.0,97.0,99.0,100.0
09X404 - School for Excellence,65.0,88.0,97.0,83.0,73.0,81.0,90.0,89.0
09X412 - Bronx High School of Business,65.0,83.0,88.0,82.0,76.0,86.0,87.0,91.0
09X413 - Bronx High School for Medical Science,63.0,77.0,90.0,78.0,65.0,81.0,87.0,86.0
09X454 - Science and Technology Academy: A Mott Hall School,75.0,85.0,92.0,93.0,77.0,87.0,88.0,90.0
"09X505 - Bronx School for Law, Government and Justice",68.0,72.0,91.0,86.0,68.0,75.0,88.0,86.0
09X517 - Frederick Douglass Academy III Secondary School,79.0,77.0,96.0,89.0,76.0,69.0,94.0,91.0
09X525 - Bronx Leadership Academy High School,67.0,73.0,92.0,80.0,71.0,77.0,93.0,94.0
09X543 - High School for Violin and Dance,66.0,75.0,92.0,81.0,70.0,77.0,87.0,90.0
09X564 - Claremont International HS,67.0,79.0,95.0,89.0,80.0,84.0,88.0,91.0
09X568 - Young Women's Leadership School of the Bronx,73.0,79.0,94.0,85.0,71.0,90.0,89.0,91.0
09X593 - South Bronx International Middle School,67.0,80.0,88.0,92.0,82.0,83.0,88.0,91.0
09X594 - New Pathways Academy,71.0,81.0,92.0,95.0,76.0,81.0,87.0,90.0
10X003 - P.S. 3 Raul Julia Micro Society,62.0,71.0,91.0,86.0,62.0,78.0,84.0,81.0
10X015 - P.S. X015 Institute for Environmental Learning,61.0,73.0,86.0,89.0,68.0,73.0,84.0,83.0
"10X020 - PS/MS 20 P.O.George J. Werdann, III",62.0,74.0,89.0,86.0,66.0,68.0,88.0,83.0
10X045 - Thomas C. Giordano Middle School 45,65.0,80.0,90.0,93.0,69.0,74.0,85.0,85.0
10X086 - P.S. 086 Kingsbridge Heights,71.0,91.0,97.0,90.0,92.0,87.0,95.0,96.0
10X095 - P.S. 095 Sheila Mencher,62.0,79.0,89.0,93.0,69.0,72.0,84.0,86.0
10X118 - J.H.S. 118 William W. Niles,66.0,78.0,87.0,91.0,70.0,73.0,86.0,86.0
10X141 - Riverdale / Kingsbridge Academy (Middle School / High School 141),59.0,73.0,86.0,75.0,57.0,69.0,87.0,81.0
10X206 - I.S. 206 Ann Mersereau,68.0,82.0,94.0,91.0,79.0,79.0,88.0,90.0
10X213 - Bronx Engineering and Technology Academy,66.0,78.0,93.0,90.0,75.0,86.0,91.0,90.0
10X225 - Theatre Arts Production Company School,63.0,72.0,90.0,81.0,65.0,77.0,85.0,90.0
10X228 - Jonas Bronck Academy,76.0,87.0,94.0,95.0,81.0,94.0,91.0,94.0
"10X237 - The Marie Curie School for Medicine, Nursing, and Health Professions",61.0,75.0,91.0,89.0,64.0,87.0,91.0,89.0
10X243 - West Bronx Academy for the Future,63.0,75.0,90.0,87.0,70.0,78.0,84.0,86.0
10X244 - The New School for Leadership and Journalism,66.0,79.0,92.0,93.0,73.0,80.0,89.0,88.0
10X254 - I.S. 254,67.0,76.0,91.0,86.0,73.0,72.0,81.0,87.0
10X264 - Bronx Academy for Software Engineering (BASE),67.0,81.0,94.0,89.0,75.0,90.0,89.0,92.0
10X268 - Kingsbridge International High School,65.0,84.0,94.0,87.0,83.0,77.0,91.0,92.0
"10X279 - P.S. 279 Captain Manuel Rivera, Jr.",66.0,84.0,93.0,95.0,79.0,77.0,88.0,92.0
10X284 - Bronx School of Law and Finance,70.0,80.0,95.0,86.0,78.0,82.0,94.0,92.0
10X308 - Bronx Dance Academy School,67.0,78.0,94.0,89.0,68.0,87.0,85.0,88.0
10X315 - P.S. 315 Lab School,68.0,81.0,93.0,91.0,79.0,77.0,91.0,87.0
10X319 - Providing Urban Learners Success In Education High School,100.0,100.0,100.0,100.0,100.0,97.0,99.0,100.0
10X331 - The Bronx School of Young Leaders,65.0,79.0,91.0,88.0,72.0,75.0,88.0,88.0
10X342 - International School for Liberal Arts,84.0,87.0,94.0,93.0,86.0,78.0,93.0,95.0
10X351 - Bronx Collaborative High School,64.0,66.0,88.0,79.0,55.0,78.0,81.0,86.0
10X353 - World View High School,68.0,81.0,93.0,90.0,70.0,88.0,91.0,92.0
10X363 - Academy For Personal Leadership And Excellence,61.0,78.0,91.0,91.0,71.0,80.0,88.0,89.0
10X368 - In-Tech Academy (M.S. / High School 368),63.0,73.0,91.0,82.0,60.0,73.0,90.0,84.0
10X374 - Knowledge and Power Preparatory Academy International High School (Kappa),75.0,83.0,94.0,90.0,81.0,86.0,94.0,93.0
10X390 - M.S. 390,70.0,83.0,91.0,92.0,78.0,72.0,85.0,91.0
10X391 - The Angelo Patri Middle School,66.0,73.0,89.0,89.0,66.0,68.0,84.0,86.0
10X397 - English Language Learners and International Support Preparatory Academy (ELLIS),68.0,88.0,93.0,93.0,83.0,92.0,84.0,97.0
10X433 - High School for Teaching and the Professions,67.0,79.0,92.0,94.0,74.0,85.0,87.0,89.0
10X437 - Fordham High School for the Arts,79.0,82.0,90.0,84.0,74.0,90.0,91.0,89.0
10X438 - Fordham Leadership Academy,71.0,78.0,95.0,93.0,78.0,81.0,92.0,92.0
10X440 - DeWitt Clinton High School,67.0,80.0,92.0,85.0,68.0,73.0,91.0,91.0
"10X442 - Celia Cruz Bronx High School of Music, The",66.0,76.0,92.0,81.0,62.0,85.0,92.0,87.0
10X445 - The Bronx High School of Science,81.0,78.0,89.0,81.0,59.0,87.0,90.0,85.0
10X447 - Creston Academy,67.0,80.0,93.0,94.0,78.0,85.0,87.0,90.0
10X477 - Marble Hill High School for International Studies,67.0,83.0,91.0,91.0,79.0,86.0,92.0,95.0
10X524 - Crotona International High School,82.0,88.0,95.0,94.0,87.0,88.0,91.0,95.0
10X546 - Bronx Theatre High School,62.0,77.0,94.0,82.0,68.0,85.0,87.0,92.0
10X549 - Discovery High School,62.0,80.0,92.0,85.0,76.0,81.0,91.0,92.0
10X565 - High School for Energy and Technology,64.0,71.0,91.0,79.0,70.0,80.0,86.0,90.0
10X696 - High School of American Studies at Lehman College,78.0,79.0,85.0,84.0,56.0,95.0,96.0,81.0
11X019 - P.S. 019 Judith K. Weiss,64.0,82.0,89.0,89.0,70.0,79.0,93.0,87.0
11X083 - P.S. 083 Donald Hertz,65.0,82.0,94.0,90.0,75.0,70.0,92.0,87.0
11X089 - P.S. 089 Bronx,68.0,75.0,92.0,89.0,67.0,76.0,87.0,89.0
11X127 - J.H.S. 127 The Castle Hill,63.0,77.0,91.0,91.0,69.0,76.0,87.0,88.0
11X144 - J.H.S. 144 Michelangelo,67.0,82.0,92.0,88.0,77.0,82.0,85.0,90.0
11X175 - P.S. 175 City Island,63.0,75.0,86.0,81.0,70.0,71.0,83.0,81.0
11X180 - M.S. 180 Dr. Daniel Hale Williams,63.0,77.0,89.0,90.0,63.0,80.0,88.0,83.0
11X181 - I.S. 181 Pablo Casals,69.0,86.0,92.0,91.0,75.0,80.0,91.0,89.0
11X194 - P.S./M.S. 194,63.0,80.0,91.0,84.0,73.0,75.0,89.0,89.0
11X249 - Bronx Health Sciences High School,74.0,83.0,93.0,85.0,69.0,88.0,82.0,77.0
11X253 - Bronx High School for Writing and Communication Arts,65.0,71.0,92.0,83.0,64.0,76.0,86.0,87.0
11X265 - Bronx Lab School,79.0,82.0,97.0,94.0,82.0,88.0,89.0,94.0
11X270 - Academy for Scholarship and Entrepreneurship: A College Board School,67.0,75.0,90.0,82.0,68.0,77.0,88.0,86.0
11X275 - High School of Computers and Technology,62.0,72.0,92.0,80.0,67.0,81.0,86.0,87.0
11X287 - North Bronx School of Empowerment,63.0,70.0,90.0,85.0,65.0,66.0,79.0,83.0
11X288 - Collegiate Institute for Math and Science,66.0,79.0,92.0,84.0,67.0,87.0,90.0,86.0
11X290 - Bronx Academy of Health Careers,67.0,73.0,90.0,87.0,61.0,76.0,84.0,86.0
11X299 - Astor Collegiate Academy,71.0,76.0,91.0,86.0,68.0,83.0,91.0,86.0
11X326 - Bronx Green Middle School,64.0,70.0,87.0,83.0,57.0,70.0,83.0,83.0
11X355 - Bronx Alliance Middle School,69.0,72.0,90.0,87.0,66.0,73.0,84.0,87.0
11X370 - Leaders of Tomorrow,68.0,77.0,92.0,91.0,74.0,75.0,86.0,88.0
11X418 - Bronx High School for the Visual Arts,62.0,75.0,93.0,80.0,67.0,86.0,88.0,87.0
11X455 - Harry S Truman High School,61.0,71.0,90.0,83.0,62.0,74.0,89.0,86.0
11X462 - Cornerstone Academy for Social Action Middle School (CASA),72.0,79.0,91.0,89.0,67.0,76.0,84.0,86.0
11X468 - Pelham Academy of Academics and Community Engagement,71.0,80.0,94.0,93.0,74.0,83.0,91.0,90.0
11X498 - P.S./M.S. 11X498 - Van Nest Academy,75.0,83.0,93.0,92.0,79.0,81.0,91.0,90.0
11X508 - Bronxdale High School,71.0,79.0,94.0,90.0,75.0,85.0,94.0,93.0
11X509 - High School of Language and Innovation,68.0,81.0,90.0,88.0,80.0,79.0,87.0,91.0
11X513 - New World High School,68.0,88.0,95.0,93.0,82.0,89.0,92.0,93.0
11X514 - The Bronxwood Preparatory Academy,61.0,82.0,91.0,85.0,72.0,82.0,83.0,88.0
11X529 - One World Middle School at Edenwald,73.0,82.0,90.0,89.0,78.0,82.0,87.0,88.0
11X532 - Baychester Middle School,71.0,86.0,90.0,95.0,75.0,77.0,88.0,89.0
11X542 - Pelham Preparatory Academy,66.0,76.0,93.0,85.0,71.0,84.0,94.0,90.0
11X544 - High School for Contemporary Arts,62.0,76.0,92.0,80.0,63.0,77.0,85.0,89.0
11X545 - Bronx Aerospace High School,64.0,73.0,93.0,92.0,74.0,72.0,80.0,89.0
11X556 - Bronx Park Middle School,67.0,74.0,91.0,89.0,71.0,83.0,87.0,91.0
11X566 - Pelham Gardens Middle School,65.0,77.0,90.0,92.0,68.0,69.0,84.0,86.0
12X098 - J.H.S. 098 Herman Ridder,59.0,68.0,84.0,85.0,65.0,73.0,74.0,83.0
12X129 - M.S. 129 Academy for Independent Learning and Leadership,67.0,72.0,88.0,86.0,64.0,78.0,84.0,85.0
12X190 - E.S.M.T- I.S. 190,73.0,78.0,93.0,90.0,73.0,70.0,86.0,86.0
12X211 - P.S. 211,65.0,76.0,89.0,94.0,71.0,67.0,85.0,85.0
12X214 - P.S. 214,65.0,72.0,87.0,84.0,66.0,66.0,82.0,81.0
12X217 - School of Performing Arts,65.0,73.0,90.0,87.0,66.0,68.0,81.0,85.0
12X242 - Mott Hall V,66.0,80.0,92.0,89.0,76.0,83.0,91.0,91.0
"12X248 - Metropolitan High School, The",64.0,72.0,88.0,81.0,69.0,83.0,83.0,89.0
12X251 - Explorations Academy H.S.,64.0,78.0,92.0,88.0,73.0,83.0,89.0,90.0
12X267 - Bronx Latin,68.0,79.0,91.0,85.0,71.0,79.0,94.0,86.0
12X271 - East Bronx Academy for the Future,63.0,75.0,89.0,90.0,70.0,71.0,80.0,90.0
12X273 - Frederick Douglass Academy V. Middle School,70.0,76.0,93.0,92.0,72.0,80.0,88.0,91.0
12X286 - Fannie Lou Hamer Middle School,63.0,74.0,93.0,91.0,70.0,80.0,88.0,88.0
12X316 - Kappa III,66.0,80.0,91.0,92.0,76.0,79.0,87.0,87.0
"12X318 - I.S. X318 Math, Science & Technology Through Arts",66.0,71.0,91.0,92.0,71.0,73.0,82.0,87.0
12X341 - Accion Academy,64.0,74.0,90.0,90.0,69.0,79.0,82.0,85.0
12X383 - Emolior Academy,69.0,78.0,89.0,92.0,73.0,74.0,86.0,88.0
12X388 - Pan American International High School at Monroe,76.0,85.0,96.0,94.0,86.0,90.0,93.0,96.0
12X446 - Arturo A. Schomburg Satellite Academy Bronx,61.0,88.0,100.0,85.0,83.0,92.0,91.0,92.0
12X478 - The Cinema School,66.0,68.0,90.0,82.0,64.0,83.0,89.0,82.0
12X479 - Bronx Career and College Preparatory High School,61.0,69.0,93.0,79.0,65.0,81.0,86.0,89.0
12X480 - Bronx Regional High School,62.0,67.0,88.0,83.0,72.0,92.0,87.0,90.0
12X511 - Bronx Envision Academy,63.0,75.0,91.0,85.0,71.0,84.0,86.0,91.0
12X521 - The Metropolitan Soundview High School,66.0,81.0,92.0,81.0,68.0,81.0,92.0,89.0
12X550 - High School of World Cultures,64.0,75.0,93.0,86.0,69.0,82.0,84.0,91.0
12X682 - Fannie Lou Hamer Freedom High School,69.0,85.0,94.0,87.0,89.0,86.0,94.0,94.0
12X684 - Wings Academy,66.0,80.0,89.0,84.0,75.0,71.0,83.0,88.0
13K113 - M.S. 113 Ronald Edmonds Learning Center,67.0,76.0,91.0,88.0,67.0,80.0,87.0,85.0
13K265 - Dr. Susan S. McKinney Secondary School of the Arts,63.0,63.0,86.0,83.0,57.0,79.0,93.0,82.0
13K266 - M.S. K266 - Park Place Community Middle School,72.0,85.0,94.0,93.0,74.0,67.0,96.0,89.0
13K301 - Restoration Academy,68.0,72.0,90.0,89.0,81.0,86.0,84.0,88.0
13K350 - Urban Assembly School of Music and Art,70.0,75.0,94.0,94.0,85.0,84.0,94.0,90.0
13K351 - The Urban Assembly Unison School,77.0,78.0,91.0,93.0,79.0,71.0,85.0,88.0
13K412 - Brooklyn Community Arts & Media High School (BCAM),68.0,68.0,97.0,82.0,69.0,85.0,91.0,86.0
"13K419 - Science Skills Center High School for Science, Technology and the Creative Arts",67.0,73.0,88.0,82.0,59.0,82.0,87.0,85.0
13K430 - Brooklyn Technical High School,77.0,76.0,89.0,78.0,56.0,80.0,90.0,83.0
13K439 - Brooklyn International High School,74.0,90.0,97.0,93.0,85.0,91.0,95.0,97.0
13K483 - The Urban Assembly School for Law and Justice,72.0,83.0,92.0,91.0,74.0,88.0,90.0,92.0
13K492 - Academy of Arts and Letters,74.0,79.0,91.0,93.0,67.0,83.0,91.0,85.0
13K527 - Urban Assembly Institute of Math and Science for Young Women,74.0,78.0,94.0,87.0,69.0,82.0,91.0,90.0
13K553 - Brooklyn Academy High School,69.0,81.0,92.0,89.0,77.0,83.0,85.0,92.0
13K595 - Bedford Academy High School,75.0,78.0,95.0,87.0,60.0,93.0,97.0,88.0
13K605 - George Westinghouse Career and Technical Education High School,68.0,77.0,89.0,87.0,68.0,79.0,91.0,89.0
13K616 - Brooklyn High School for Leadership and Community Service,81.0,93.0,98.0,100.0,97.0,88.0,96.0,99.0
13K670 - Benjamin Banneker Academy,67.0,70.0,92.0,79.0,51.0,88.0,92.0,84.0
"13K674 - City Polytechnic High School of Engineering, Architecture, and Technology",69.0,81.0,91.0,94.0,79.0,80.0,88.0,90.0
13K691 - Fort Greene Preparatory Academy,65.0,72.0,90.0,90.0,62.0,70.0,84.0,85.0
13K915 - Bridges: A School for Exploration and Equity,67.0,74.0,90.0,80.0,64.0,85.0,92.0,85.0
14K050 - J.H.S. 050 John D. Wells,74.0,81.0,93.0,91.0,80.0,85.0,94.0,90.0
14K071 - Juan Morel Campos Secondary School,79.0,88.0,95.0,91.0,78.0,83.0,93.0,90.0
14K084 - P.S. 084 Jose De Diego,72.0,76.0,94.0,91.0,71.0,78.0,88.0,89.0
14K126 - John Ericsson Middle School 126,65.0,72.0,94.0,92.0,67.0,82.0,89.0,90.0
14K157 - P.S./I.S. 157 The Benjamin Franklin Health & Science Academy,75.0,83.0,96.0,93.0,81.0,86.0,95.0,93.0
14K318 - I.S. 318 Eugenio Maria De Hostos,67.0,80.0,93.0,90.0,65.0,87.0,91.0,87.0
"14K449 - Brooklyn Latin School, The",82.0,78.0,92.0,81.0,62.0,75.0,86.0,88.0
14K454 - The Williamsburg High School of Art and Technology,70.0,76.0,94.0,83.0,78.0,97.0,94.0,93.0
14K474 - PROGRESS High School for Professional Careers,73.0,60.0,83.0,63.0,53.0,80.0,95.0,82.0
14K477 - East Williamsburg Scholars Academy,58.0,69.0,87.0,75.0,60.0,85.0,85.0,86.0
"14K478 - The High School for Enterprise, Business and Technology",65.0,70.0,90.0,83.0,59.0,77.0,85.0,83.0
14K488 - Brooklyn Preparatory High School,71.0,83.0,95.0,89.0,74.0,94.0,92.0,94.0
14K558 - Williamsburg High School for Architecture and Design,65.0,82.0,94.0,91.0,72.0,88.0,93.0,91.0
14K561 - Williamsburg Preparatory School,69.0,78.0,92.0,77.0,66.0,88.0,95.0,89.0
14K577 - Conselyea Preparatory School,67.0,84.0,92.0,91.0,73.0,89.0,92.0,90.0
14K582 - M.S. 582,69.0,79.0,93.0,89.0,70.0,80.0,91.0,89.0
14K586 - Lyons Community School,70.0,79.0,96.0,89.0,77.0,77.0,88.0,89.0
14K610 - A-Tech High School,64.0,76.0,91.0,86.0,77.0,85.0,90.0,88.0
14K614 - Young Women's Leadership School of Brooklyn,72.0,76.0,89.0,86.0,69.0,81.0,80.0,88.0
14K685 - El Puente Academy for Peace and Justice,75.0,81.0,95.0,90.0,82.0,86.0,92.0,92.0
15K051 - M.S. 51 William Alexander,67.0,78.0,91.0,89.0,65.0,87.0,94.0,85.0
15K088 - J.H.S. 088 Peter Rouget,67.0,77.0,91.0,83.0,67.0,78.0,89.0,84.0
15K136 - I.S. 136 Charles O. Dewey,63.0,81.0,92.0,91.0,72.0,85.0,92.0,91.0
15K423 - Brooklyn Frontiers High School,68.0,87.0,95.0,90.0,89.0,89.0,93.0,94.0
15K429 - Digital Arts and Cinema Technology High School,70.0,82.0,92.0,84.0,72.0,87.0,92.0,88.0
15K442 - M.S. 442 Carroll Gardens School for Innovation,69.0,81.0,92.0,84.0,74.0,87.0,91.0,82.0
15K443 - New Voices School of Academic & Creative Arts,69.0,79.0,92.0,83.0,69.0,92.0,94.0,87.0
15K447 - The Math & Science Exploratory School,71.0,79.0,92.0,85.0,75.0,95.0,92.0,88.0
15K448 - Brooklyn Collaborative Studies,71.0,77.0,94.0,81.0,74.0,88.0,96.0,90.0
15K462 - John Jay School for Law,61.0,73.0,92.0,80.0,65.0,82.0,90.0,87.0
15K463 - Cyberarts Studio Academy,56.0,67.0,87.0,77.0,59.0,86.0,88.0,86.0
15K464 - Park Slope Collegiate,69.0,82.0,94.0,77.0,73.0,85.0,92.0,89.0
15K497 - The Boerum Hill School for International Studies,67.0,69.0,90.0,79.0,59.0,82.0,92.0,82.0
15K519 - Cobble Hill School of American Studies,69.0,75.0,89.0,90.0,74.0,72.0,84.0,88.0
15K529 - West Brooklyn Community High School,69.0,94.0,100.0,91.0,93.0,92.0,97.0,98.0
15K592 - Khalil Gibran International Academy,70.0,81.0,95.0,91.0,75.0,88.0,90.0,87.0
15K656 - Brooklyn High School of the Arts,69.0,78.0,94.0,85.0,64.0,85.0,92.0,88.0
15K667 - Sunset Park High School,68.0,82.0,94.0,87.0,77.0,79.0,93.0,93.0
15K684 - Millennium Brooklyn HS,78.0,83.0,92.0,81.0,74.0,92.0,96.0,91.0
15K698 - South Brooklyn Community High School,63.0,87.0,78.0,92.0,88.0,95.0,82.0,87.0
15K821 - Sunset Park Prep,60.0,83.0,100.0,88.0,82.0,85.0,100.0,98.0
16K035 - M.S. 035 Stephen Decatur,84.0,89.0,95.0,96.0,81.0,88.0,92.0,93.0
16K057 - Whitelaw Reid Academy of Arts and Business,69.0,77.0,94.0,96.0,71.0,77.0,85.0,90.0
"16K267 - M.S. 267 Math, Science & Technology",92.0,95.0,98.0,99.0,94.0,96.0,97.0,97.0
16K308 - P.S. 308 Clara Cardwell,75.0,81.0,91.0,95.0,80.0,61.0,78.0,88.0
16K455 - Boys and Girls High School,68.0,79.0,92.0,92.0,70.0,74.0,90.0,89.0
16K498 - Brooklyn High School for Law and Technology,63.0,69.0,91.0,74.0,60.0,85.0,87.0,88.0
16K681 - Madiba Prep Middle School,69.0,78.0,90.0,95.0,72.0,73.0,86.0,89.0
16K688 - The Brooklyn Academy of Global Finance,67.0,71.0,94.0,89.0,70.0,90.0,88.0,92.0
16K765 - Nelson Mandela High School,69.0,72.0,95.0,91.0,75.0,82.0,92.0,89.0
16K898 - The Brooklyn Green School,80.0,81.0,94.0,93.0,80.0,91.0,90.0,93.0
17K002 - Parkside Preparatory Academy,64.0,71.0,89.0,85.0,59.0,68.0,83.0,80.0
17K061 - M.S. 061 Dr. Gladstone H. Atwell,63.0,76.0,90.0,90.0,64.0,77.0,83.0,86.0
17K122 - Pathways in Technology Early College High School (P-Tech),70.0,77.0,92.0,81.0,70.0,82.0,84.0,87.0
17K138 - P.S. 138 Brooklyn,74.0,85.0,93.0,94.0,82.0,71.0,89.0,89.0
17K181 - P.S. 181 Brooklyn,61.0,77.0,90.0,90.0,73.0,67.0,82.0,84.0
17K189 - P.S. 189 The Bilingual Center,67.0,85.0,94.0,93.0,71.0,78.0,86.0,87.0
17K246 - M.S. 246 Walt Whitman,74.0,83.0,90.0,88.0,76.0,79.0,86.0,87.0
17K340 - I.S. 340,60.0,68.0,86.0,92.0,46.0,80.0,91.0,84.0
17K352 - Ebbets Field Middle School,62.0,77.0,90.0,85.0,73.0,79.0,86.0,86.0
17K353 - Elijah Stroud Middle School,71.0,79.0,94.0,93.0,71.0,77.0,87.0,89.0
17K354 - The School of Integrated Learning,71.0,78.0,92.0,88.0,59.0,75.0,85.0,84.0
17K382 - Academy for College Preparation and Career Exploration: A College Board School,66.0,76.0,94.0,84.0,67.0,81.0,86.0,86.0
17K394 - M.S. K394,63.0,74.0,86.0,87.0,65.0,70.0,88.0,84.0
17K408 - Academy of Hospitality and Tourism,66.0,73.0,93.0,86.0,70.0,78.0,91.0,88.0
17K484 - Ronald Edmonds Learning Center II,78.0,87.0,96.0,99.0,84.0,91.0,92.0,92.0
17K524 - International High School at Prospect Heights,73.0,90.0,93.0,94.0,90.0,89.0,93.0,94.0
17K528 - The High School for Global Citizenship,65.0,86.0,97.0,90.0,74.0,88.0,86.0,94.0
"17K531 - School for Human Rights, The",60.0,68.0,86.0,83.0,58.0,78.0,86.0,78.0
17K537 - High School for Youth and Community Development at Erasmus,61.0,68.0,90.0,82.0,64.0,78.0,89.0,84.0
17K539 - High School for Service & Learning at Erasmus,67.0,81.0,89.0,87.0,76.0,80.0,85.0,87.0
"17K543 - Science, Technology and Research Early College High School at Erasmus",72.0,77.0,89.0,82.0,61.0,79.0,86.0,82.0
17K546 - High School for Public Service: Heroes of Tomorrow,72.0,79.0,93.0,87.0,72.0,79.0,92.0,90.0
17K547 - Brooklyn Academy of Science and the Environment,74.0,81.0,93.0,81.0,73.0,79.0,91.0,89.0
17K548 - Brooklyn School for Music & Theatre,64.0,64.0,91.0,74.0,57.0,76.0,88.0,81.0
17K568 - Brownsville Academy High School,57.0,83.0,97.0,94.0,91.0,88.0,86.0,91.0
17K590 - Medgar Evers College Preparatory School,71.0,75.0,94.0,80.0,46.0,81.0,99.0,77.0
17K600 - Clara Barton High School,62.0,67.0,89.0,78.0,47.0,70.0,84.0,81.0
17K722 - New Heights Middle School,70.0,78.0,92.0,92.0,75.0,66.0,85.0,84.0
17K745 - Brooklyn Institute for Liberal Arts,74.0,81.0,90.0,88.0,67.0,79.0,87.0,87.0
17K751 - Academy for Health Careers,73.0,71.0,90.0,78.0,52.0,87.0,87.0,83.0
18K066 - P.S. 66,61.0,70.0,87.0,80.0,57.0,62.0,77.0,73.0
18K068 - I.S. 068 Isaac Bildersee,64.0,73.0,88.0,85.0,65.0,71.0,85.0,83.0
18K211 - I.S. 211 John Wilson,65.0,75.0,89.0,88.0,66.0,70.0,83.0,86.0
18K235 - P.S. 235 Janice Marie Knight School,72.0,84.0,86.0,79.0,59.0,79.0,86.0,81.0
18K285 - I.S. 285 Meyer Levin,67.0,75.0,89.0,90.0,64.0,75.0,87.0,85.0
18K366 - The Science And Medicine Middle School,59.0,66.0,84.0,82.0,52.0,68.0,74.0,70.0
18K563 - It Takes a Village Academy,61.0,67.0,90.0,75.0,55.0,71.0,84.0,82.0
18K566 - Brooklyn Community High School for Excellence and Equity,68.0,83.0,91.0,95.0,81.0,81.0,88.0,91.0
18K567 - Brooklyn Theatre Arts High School,67.0,77.0,87.0,69.0,66.0,72.0,88.0,84.0
18K569 - Kurt Hahn Expeditionary Learning School,75.0,57.0,72.0,67.0,70.0,80.0,90.0,93.0
18K576 - Victory Collegiate High School,62.0,65.0,85.0,80.0,57.0,73.0,83.0,81.0
"18K581 - The Middle School of Media, Law and Fine Arts",66.0,72.0,88.0,89.0,63.0,70.0,80.0,82.0
18K588 - Middle School for Art and Philosophy,72.0,82.0,91.0,91.0,75.0,72.0,88.0,89.0
18K617 - High School for Innovation in Advertising and Media,68.0,83.0,93.0,92.0,78.0,86.0,90.0,93.0
18K629 - Cultural Academy for the Arts and Sciences,67.0,70.0,89.0,81.0,62.0,83.0,83.0,85.0
18K633 - High School for Medical Professions,65.0,75.0,91.0,85.0,61.0,79.0,84.0,85.0
18K635 - Olympus Academy,70.0,87.0,95.0,94.0,86.0,97.0,94.0,95.0
18K637 - Academy for Conservation and the Environment,71.0,76.0,92.0,76.0,69.0,79.0,89.0,87.0
18K642 - Urban Action Academy,69.0,78.0,94.0,85.0,76.0,76.0,88.0,90.0
18K673 - East Brooklyn Community High School,75.0,91.0,97.0,97.0,93.0,95.0,94.0,98.0
18K763 - Brooklyn Science and Engineering Academy,67.0,80.0,89.0,93.0,73.0,84.0,88.0,88.0
19K089 - P.S. 089 Cypress Hills,64.0,79.0,95.0,95.0,79.0,82.0,93.0,93.0
19K171 - I.S. 171 Abraham Lincoln,65.0,75.0,91.0,93.0,64.0,80.0,84.0,89.0
19K218 - J.H.S. 218 James P. Sinnott,64.0,75.0,91.0,94.0,66.0,74.0,85.0,88.0
19K292 - J.H.S. 292 Margaret S. Douglas,67.0,78.0,92.0,90.0,72.0,65.0,85.0,86.0
19K364 - I.S. 364 Gateway,68.0,68.0,86.0,90.0,64.0,65.0,80.0,79.0
19K404 - Academy for Young Writers,68.0,75.0,90.0,80.0,67.0,77.0,83.0,88.0
19K409 - East New York Family Academy,72.0,79.0,91.0,87.0,76.0,80.0,92.0,85.0
19K422 - Spring Creek Community School,71.0,84.0,93.0,89.0,75.0,79.0,83.0,87.0
19K452 - Frederick Douglass Academy VIII Middle School,67.0,74.0,86.0,89.0,62.0,76.0,85.0,83.0
19K502 - FDNY - Captain Vernon A. Richard High School for Fire and Life Safety,60.0,67.0,88.0,88.0,66.0,83.0,82.0,87.0
19K504 - High School for Civil Rights,73.0,84.0,95.0,91.0,78.0,81.0,88.0,90.0
19K507 - Performing Arts and Technology High School,72.0,77.0,93.0,85.0,71.0,81.0,86.0,89.0
19K510 - World Academy for Total Community Health High School,63.0,76.0,91.0,81.0,71.0,82.0,86.0,89.0
19K583 - Multicultural High School,62.0,74.0,99.0,93.0,72.0,93.0,85.0,90.0
19K615 - Transit Tech Career and Technical Education High School,66.0,75.0,90.0,83.0,69.0,77.0,86.0,89.0
19K618 - Academy of Innovative Technology,70.0,78.0,95.0,89.0,75.0,83.0,93.0,92.0
19K639 - Brooklyn Lab School,71.0,84.0,88.0,93.0,75.0,88.0,99.0,89.0
19K654 - Van Siclen Community Middle School,65.0,69.0,90.0,90.0,65.0,73.0,79.0,83.0
19K659 - Cypress Hills Collegiate Preparatory School,68.0,75.0,92.0,85.0,70.0,84.0,92.0,91.0
19K660 - W. H. Maxwell Career and Technical Education High School,65.0,72.0,90.0,82.0,64.0,73.0,82.0,87.0
19K661 - Vista Academy,66.0,77.0,91.0,91.0,70.0,83.0,88.0,88.0
19K662 - Liberty Avenue Middle School,80.0,86.0,95.0,92.0,83.0,80.0,92.0,93.0
19K663 - School of the Future Brooklyn,65.0,70.0,92.0,89.0,61.0,72.0,82.0,83.0
19K678 - East New York Middle School of Excellence,90.0,90.0,98.0,92.0,88.0,89.0,95.0,94.0
19K683 - School for Classics High School,68.0,78.0,95.0,86.0,73.0,78.0,89.0,90.0
19K760 - Highland Park Community School,71.0,76.0,92.0,94.0,71.0,80.0,89.0,88.0
19K764 - The Urban Assembly School for Collaborative Healthcare,73.0,82.0,95.0,89.0,72.0,84.0,95.0,92.0
19K907 - Legacy School of the Arts,70.0,71.0,89.0,91.0,64.0,71.0,84.0,82.0
19K953 - The East New York Arts and Civics High School,68.0,81.0,97.0,90.0,81.0,87.0,93.0,95.0
20K030 - P.S./I.S. 30 Mary White Ovington,65.0,76.0,90.0,91.0,66.0,78.0,91.0,86.0
20K062 - J.H.S. 062 Ditmas,62.0,79.0,92.0,90.0,67.0,76.0,89.0,88.0
20K104 - P.S./I.S. 104 The Fort Hamilton School,64.0,80.0,91.0,87.0,71.0,81.0,90.0,87.0
20K163 - P.S. 163 Bath Beach,63.0,89.0,95.0,95.0,82.0,86.0,94.0,90.0
20K180 - The SEEALL Academy,60.0,79.0,89.0,88.0,66.0,86.0,92.0,87.0
20K187 - The Christa McAuliffe School\I.S. 187,77.0,83.0,92.0,90.0,65.0,94.0,95.0,89.0
20K192 - P.S. 192 - The Magnet School for Math and Science Inquiry,60.0,83.0,92.0,90.0,77.0,78.0,92.0,88.0
20K201 - The Madeleine Brennan School,58.0,82.0,91.0,91.0,70.0,84.0,93.0,89.0
20K220 - J.H.S. 220 John J. Pershing,61.0,77.0,92.0,90.0,68.0,78.0,88.0,89.0
20K223 - J.H.S. 223 The Montauk,58.0,78.0,90.0,89.0,66.0,84.0,87.0,86.0
20K227 - J.H.S. 227 Edward B. Shallow,60.0,80.0,93.0,88.0,69.0,82.0,89.0,89.0
20K229 - P.S. 229 Dyker,63.0,83.0,91.0,89.0,71.0,85.0,91.0,88.0
20K259 - J.H.S. 259 William McKinley,61.0,81.0,91.0,91.0,71.0,82.0,91.0,88.0
20K445 - New Utrecht High School,65.0,74.0,94.0,81.0,63.0,85.0,87.0,89.0
20K485 - High School of Telecommunication Arts and Technology,69.0,82.0,94.0,88.0,73.0,92.0,95.0,92.0
20K490 - Fort Hamilton High School,63.0,73.0,90.0,78.0,56.0,73.0,90.0,85.0
20K505 - Franklin Delano Roosevelt High School,64.0,75.0,92.0,80.0,61.0,82.0,89.0,88.0
20K609 - Urban Assembly School for Leadership and Empowerment,68.0,78.0,89.0,81.0,67.0,85.0,85.0,87.0
20K936 - MS 936 Arts Off 3rd,73.0,89.0,97.0,88.0,85.0,97.0,95.0,95.0
21K095 - P.S. 095 The Gravesend,67.0,83.0,92.0,94.0,74.0,80.0,93.0,86.0
21K096 - I.S. 096 Seth Low,64.0,81.0,92.0,92.0,73.0,86.0,89.0,89.0
21K098 - I.S. 98 Bay Academy,68.0,81.0,93.0,88.0,64.0,80.0,92.0,86.0
21K099 - P.S. 099 Isaac Asimov,68.0,90.0,95.0,93.0,87.0,90.0,95.0,94.0
21K121 - P.S. 121 Nelson A. Rockefeller,66.0,83.0,93.0,95.0,80.0,82.0,94.0,90.0
21K209 - P.S. 209 Margaret Mead,55.0,77.0,90.0,85.0,70.0,80.0,89.0,88.0
21K225 - P.S. K225 - The Eileen E. Zaglin,64.0,81.0,93.0,92.0,73.0,82.0,91.0,90.0
21K226 - P.S. 226 Alfred De B. Mason,66.0,82.0,91.0,86.0,77.0,81.0,92.0,90.0
21K228 - I.S. 228 David A. Boody,60.0,78.0,90.0,86.0,66.0,77.0,88.0,86.0
21K238 - P.S. 238 Anne Sullivan,54.0,68.0,86.0,85.0,64.0,72.0,85.0,82.0
21K239 - Mark Twain I.S. 239 for the Gifted & Talented,65.0,84.0,90.0,85.0,71.0,86.0,92.0,88.0
21K281 - I.S. 281 Joseph B Cavallaro,63.0,80.0,93.0,90.0,69.0,77.0,88.0,86.0
21K288 - P.S. 288 The Shirley Tanyhill,71.0,74.0,90.0,95.0,71.0,70.0,80.0,84.0
21K303 - I.S. 303 Herbert S. Eisenberg,65.0,78.0,92.0,87.0,66.0,70.0,86.0,88.0
21K337 - International High School at Lafayette,68.0,82.0,95.0,91.0,80.0,88.0,93.0,93.0
21K344 - Rachel Carson High School for Coastal Studies,62.0,77.0,89.0,73.0,72.0,82.0,90.0,90.0
21K348 - High School of Sports Management,65.0,75.0,90.0,82.0,68.0,80.0,90.0,87.0
21K410 - Abraham Lincoln High School,64.0,74.0,94.0,85.0,66.0,78.0,91.0,90.0
21K468 - Kingsborough Early College School,62.0,71.0,91.0,82.0,61.0,70.0,84.0,81.0
21K525 - Edward R. Murrow High School,65.0,78.0,91.0,77.0,63.0,82.0,90.0,88.0
21K540 - John Dewey High School,62.0,75.0,92.0,80.0,63.0,82.0,87.0,88.0
21K559 - Life Academy High School for Film and Music,56.0,64.0,87.0,67.0,54.0,77.0,85.0,81.0
21K572 - Leaders High School,72.0,79.0,92.0,91.0,75.0,90.0,85.0,92.0
21K620 - William E. Grady Career and Technical Education High School,63.0,79.0,96.0,87.0,66.0,88.0,97.0,92.0
21K690 - Brooklyn Studio Secondary School,62.0,76.0,90.0,84.0,64.0,80.0,89.0,87.0
21K728 - Liberation Diploma Plus,63.0,49.0,98.0,99.0,56.0,86.0,87.0,98.0
22K014 - J.H.S. 014 Shell Bank,58.0,78.0,90.0,89.0,71.0,76.0,82.0,84.0
22K078 - J.H.S. 078 Roy H. Mann,63.0,81.0,93.0,94.0,71.0,82.0,92.0,90.0
22K109 - P.S. 109,62.0,71.0,85.0,89.0,62.0,68.0,83.0,78.0
22K206 - P.S. 206 Joseph F Lamb,59.0,74.0,89.0,82.0,61.0,75.0,87.0,85.0
22K207 - P.S. 207 Elizabeth G. Leary,64.0,82.0,88.0,90.0,65.0,77.0,90.0,85.0
22K234 - J.H.S. 234 Arthur W. Cunningham,52.0,69.0,84.0,82.0,49.0,75.0,83.0,80.0
22K240 - Andries Hudde,63.0,75.0,88.0,88.0,65.0,70.0,84.0,83.0
22K278 - J.H.S. 278 Marine Park,60.0,78.0,88.0,83.0,64.0,71.0,87.0,84.0
22K381 - I. S. 381,65.0,83.0,92.0,91.0,69.0,78.0,88.0,85.0
22K405 - Midwood High School,64.0,70.0,88.0,71.0,50.0,80.0,88.0,82.0
22K425 - James Madison High School,63.0,74.0,90.0,82.0,61.0,75.0,90.0,86.0
22K535 - Leon M. Goldstein High School for the Sciences,72.0,82.0,97.0,84.0,80.0,95.0,91.0,98.0
22K555 - Brooklyn College Academy,72.0,78.0,91.0,88.0,62.0,90.0,95.0,89.0
22K611 - Origins High School,61.0,70.0,91.0,81.0,71.0,82.0,88.0,87.0
22K630 - Professional Pathways High School,70.0,79.0,100.0,97.0,78.0,94.0,94.0,96.0
22K890 - M.S. 890,77.0,87.0,94.0,90.0,82.0,85.0,92.0,92.0
23K041 - P.S. 041 Francis White,78.0,85.0,94.0,95.0,82.0,81.0,91.0,90.0
23K155 - P.S./ I.S. 155 Nicholas Herkimer,61.0,75.0,88.0,89.0,69.0,71.0,84.0,85.0
23K178 - P.S. 178 Saint Clair Mckelway,66.0,72.0,86.0,92.0,71.0,66.0,78.0,85.0
23K184 - P.S. 184 Newport,71.0,77.0,89.0,88.0,66.0,66.0,83.0,84.0
23K323 - P.S./I.S. 323,68.0,80.0,94.0,91.0,77.0,75.0,86.0,88.0
23K363 - Brownsville Collaborative Middle School,73.0,77.0,88.0,91.0,72.0,71.0,81.0,83.0
23K392 - I.S. 392,73.0,78.0,92.0,90.0,64.0,84.0,83.0,85.0
23K493 - Brooklyn Collegiate: A College Board School,69.0,84.0,94.0,87.0,74.0,82.0,91.0,92.0
23K514 - Frederick Douglass Academy VII High School,70.0,82.0,91.0,88.0,72.0,89.0,87.0,89.0
23K518 - Kappa V (Knowledge and Power Preparatory Academy),62.0,74.0,84.0,90.0,60.0,69.0,83.0,80.0
23K522 - Mott Hall IV,81.0,87.0,92.0,93.0,79.0,78.0,89.0,86.0
23K643 - Brooklyn Democracy Academy,87.0,90.0,98.0,96.0,90.0,92.0,95.0,96.0
23K644 - Eagle Academy for Young Men II,68.0,79.0,87.0,90.0,72.0,74.0,79.0,84.0
23K647 - Metropolitan Diploma Plus High School,76.0,96.0,100.0,98.0,96.0,76.0,95.0,98.0
23K664 - Brooklyn Environmental Exploration School (BEES),72.0,84.0,94.0,95.0,83.0,81.0,93.0,93.0
23K668 - Riverdale Avenue Middle School,64.0,77.0,90.0,90.0,74.0,81.0,88.0,89.0
23K671 - Mott Hall Bridges Academy,71.0,81.0,91.0,94.0,74.0,83.0,85.0,91.0
23K697 - Teachers Preparatory High School,70.0,84.0,92.0,93.0,81.0,79.0,82.0,91.0
24Q005 - I.S. 5 - The Walter Crowley Intermediate School,63.0,78.0,91.0,88.0,69.0,79.0,89.0,88.0
24Q049 - P.S. 049 Dorothy Bonawit Kole,71.0,88.0,90.0,93.0,79.0,77.0,92.0,90.0
24Q058 - P.S. 58 - The School of Heroes,56.0,84.0,92.0,78.0,79.0,84.0,94.0,88.0
24Q061 - I.S. 061 Leonardo Da Vinci,64.0,82.0,91.0,88.0,73.0,76.0,90.0,87.0
24Q073 - I.S. 73 - The Frank Sansivieri Intermediate School,60.0,80.0,90.0,88.0,68.0,82.0,90.0,87.0
24Q077 - Joseph F. Quinn Intermediate School 77,61.0,76.0,90.0,90.0,68.0,77.0,86.0,85.0
24Q087 - P.S./I.S. 087 Middle Village,68.0,87.0,94.0,87.0,82.0,90.0,91.0,92.0
24Q093 - I.S. 093 Ridgewood,63.0,82.0,91.0,91.0,74.0,81.0,91.0,90.0
24Q102 - P.S. 102 Bayview,66.0,81.0,91.0,89.0,73.0,80.0,92.0,90.0
24Q113 - P.S./I.S. 113 Anthony J. Pranzo,69.0,85.0,89.0,87.0,74.0,81.0,92.0,89.0
24Q119 - P.S./I.S. 119 The Glendale,70.0,80.0,87.0,82.0,65.0,77.0,88.0,84.0
24Q125 - I.S. 125 Thom J. McCann Woodside,64.0,80.0,91.0,90.0,70.0,82.0,91.0,88.0
"24Q128 - P.S. 128 The Lorraine Tuzzo, Juniper Valley Elementary School",55.0,73.0,82.0,75.0,57.0,71.0,87.0,81.0
24Q153 - P.S. 153 Maspeth Elem,65.0,86.0,94.0,89.0,88.0,80.0,90.0,92.0
24Q236 - International High School for Health Sciences,67.0,83.0,95.0,89.0,80.0,91.0,90.0,94.0
24Q264 - Academy of Finance and Enterprise,71.0,77.0,92.0,85.0,69.0,87.0,93.0,89.0
24Q267 - High School of Applied Communication,69.0,76.0,94.0,80.0,65.0,89.0,92.0,89.0
24Q293 - Civic Leadership Academy,67.0,79.0,93.0,83.0,71.0,91.0,93.0,90.0
24Q296 - Pan American International High School,69.0,80.0,92.0,92.0,80.0,91.0,92.0,94.0
24Q299 - Bard High School Early College Queens,84.0,83.0,91.0,84.0,69.0,91.0,96.0,89.0
24Q311 - Corona Arts & Sciences Academy,70.0,81.0,92.0,93.0,74.0,86.0,91.0,91.0
24Q455 - Newtown High School,66.0,75.0,91.0,82.0,63.0,81.0,88.0,88.0
24Q485 - Grover Cleveland High School,63.0,75.0,91.0,81.0,66.0,82.0,91.0,89.0
24Q520 - Middle College High School at LaGuardia Community College,71.0,85.0,96.0,89.0,80.0,99.0,96.0,96.0
24Q530 - International High School at LaGuardia Community College,95.0,97.0,99.0,98.0,97.0,98.0,97.0,99.0
24Q550 - High School for Arts and Business,70.0,76.0,92.0,90.0,62.0,89.0,93.0,88.0
"24Q560 - Robert F. Wagner, Jr. Secondary School for Arts and Technology",67.0,81.0,91.0,88.0,72.0,91.0,92.0,89.0
24Q585 - Maspeth High School,65.0,80.0,92.0,84.0,71.0,87.0,95.0,91.0
24Q600 - Queens Technical High School,66.0,78.0,91.0,90.0,66.0,89.0,94.0,90.0
24Q610 - Aviation Career & Technical Education High School,70.0,76.0,91.0,82.0,62.0,84.0,93.0,88.0
24Q744 - VOYAGES Preparatory,72.0,95.0,99.0,98.0,93.0,98.0,96.0,100.0
25Q025 - I.S. 025 Adrien Block,61.0,77.0,90.0,88.0,59.0,84.0,91.0,86.0
25Q164 - P.S. 164 Queens Valley,67.0,72.0,87.0,82.0,60.0,67.0,88.0,82.0
25Q185 - J.H.S. 185 Edward Bleeker,68.0,84.0,93.0,88.0,72.0,82.0,93.0,89.0
25Q189 - J.H.S. 189 Daniel Carter Beard,60.0,78.0,92.0,92.0,69.0,82.0,91.0,89.0
25Q194 - J.H.S. 194 William Carr,67.0,78.0,88.0,85.0,64.0,77.0,90.0,86.0
25Q200 - P.S./M.S. 200 - The Magnet School of Global Studies and Leadership,65.0,70.0,84.0,86.0,57.0,63.0,84.0,78.0
25Q219 - P.S. 219 Paul Klapper,65.0,82.0,94.0,89.0,75.0,82.0,92.0,89.0
25Q237 - I.S. 237,62.0,77.0,91.0,86.0,61.0,78.0,86.0,85.0
25Q240 - Veritas Academy,65.0,74.0,90.0,79.0,65.0,85.0,91.0,90.0
25Q241 - Queens High School for Language Studies,74.0,86.0,96.0,93.0,77.0,96.0,93.0,94.0
25Q250 - I.S. 250 The Robert F. Kennedy Community Middle School,60.0,75.0,88.0,86.0,65.0,76.0,85.0,83.0
"25Q252 - Queens School of Inquiry, The",69.0,80.0,90.0,89.0,66.0,82.0,91.0,88.0
25Q263 - Flushing International High School,73.0,81.0,94.0,91.0,81.0,89.0,92.0,94.0
25Q281 - East-West School of International Studies,71.0,80.0,92.0,83.0,69.0,89.0,91.0,88.0
25Q285 - World Journalism Preparatory: A College Board School,62.0,74.0,86.0,80.0,63.0,83.0,92.0,86.0
25Q294 - BELL Academy,64.0,82.0,90.0,88.0,64.0,84.0,93.0,85.0
25Q379 - College Point Collaborative,64.0,75.0,90.0,85.0,66.0,78.0,90.0,86.0
25Q425 - John Bowne High School,64.0,71.0,90.0,77.0,55.0,76.0,88.0,85.0
25Q460 - Flushing High School,67.0,75.0,93.0,81.0,68.0,80.0,92.0,90.0
"25Q499 - The Queens College School for Math, Science and Technology",71.0,81.0,88.0,86.0,64.0,86.0,92.0,88.0
25Q525 - Townsend Harris High School,85.0,87.0,94.0,77.0,71.0,96.0,95.0,89.0
25Q540 - Queens Academy High School,59.0,79.0,97.0,91.0,86.0,94.0,99.0,98.0
25Q670 - Robert F. Kennedy Community High School,66.0,76.0,93.0,87.0,68.0,82.0,91.0,89.0
25Q792 - North Queens Community High School,58.0,68.0,97.0,95.0,85.0,75.0,86.0,95.0
26Q067 - J.H.S. 067 Louis Pasteur,64.0,80.0,88.0,89.0,62.0,82.0,92.0,84.0
26Q074 - J.H.S. 074 Nathaniel Hawthorne,69.0,81.0,90.0,90.0,66.0,85.0,92.0,86.0
26Q158 - M.S. 158 Marie Curie,60.0,79.0,88.0,85.0,61.0,80.0,90.0,85.0
26Q172 - Irwin Altman Middle School 172,63.0,74.0,87.0,82.0,61.0,73.0,85.0,82.0
26Q178 - P.S./ IS 178 Holliswood,57.0,61.0,82.0,78.0,51.0,72.0,88.0,74.0
26Q216 - J.H.S. 216 George J. Ryan,66.0,80.0,92.0,90.0,62.0,79.0,90.0,85.0
26Q266 - P.S./I.S. 266,60.0,78.0,86.0,83.0,59.0,70.0,89.0,81.0
26Q315 - Business Technology Early College High School,71.0,81.0,92.0,91.0,76.0,84.0,92.0,92.0
26Q415 - Benjamin N. Cardozo High School,62.0,69.0,87.0,73.0,50.0,70.0,86.0,81.0
26Q430 - Francis Lewis High School,69.0,76.0,92.0,82.0,59.0,80.0,92.0,87.0
26Q435 - Martin Van Buren High School,66.0,77.0,92.0,90.0,68.0,79.0,89.0,90.0
26Q495 - Bayside High School,64.0,79.0,91.0,76.0,62.0,82.0,91.0,87.0
"26Q566 - Queens High School of Teaching, Liberal Arts and the Sciences",65.0,73.0,89.0,85.0,64.0,79.0,94.0,87.0
27Q042 - P.S./M.S 042 R. Vernam,71.0,80.0,89.0,90.0,77.0,64.0,83.0,88.0
27Q043 - P.S. 043,67.0,82.0,91.0,92.0,76.0,62.0,86.0,90.0
27Q047 - P.S. 047 Chris Galas,76.0,93.0,97.0,96.0,90.0,92.0,94.0,97.0
27Q053 - M.S. 053 Brian Piccolo,60.0,78.0,93.0,93.0,70.0,81.0,85.0,89.0
27Q105 - P.S. 105 The Bay School,61.0,80.0,90.0,90.0,73.0,64.0,81.0,84.0
27Q114 - P.S./M.S. 114 Belle Harbor,64.0,79.0,88.0,84.0,74.0,87.0,92.0,88.0
27Q124 - P.S. 124 Osmond A Church,69.0,80.0,92.0,91.0,66.0,67.0,87.0,85.0
27Q137 - M.S. 137 America's School of Heroes,60.0,81.0,92.0,91.0,68.0,70.0,87.0,88.0
27Q146 - P.S. 146 Howard Beach,64.0,77.0,88.0,90.0,68.0,73.0,89.0,86.0
27Q183 - P.S. 183 Dr. Richard R. Green,66.0,83.0,94.0,91.0,74.0,62.0,82.0,87.0
27Q202 - J.H.S. 202 Robert H. Goddard,65.0,80.0,91.0,93.0,71.0,79.0,88.0,87.0
27Q207 - P.S. 207 Rockwood Park,69.0,80.0,84.0,81.0,69.0,80.0,88.0,81.0
27Q210 - J.H.S. 210 Elizabeth Blackwell,64.0,73.0,89.0,84.0,62.0,70.0,84.0,84.0
27Q226 - J.H.S. 226 Virgil I. Grissom,69.0,76.0,90.0,87.0,65.0,68.0,81.0,85.0
27Q232 - P.S. 232 Lindenwood,81.0,91.0,96.0,94.0,78.0,78.0,96.0,95.0
27Q260 - Frederick Douglass Academy VI High School,62.0,72.0,85.0,78.0,68.0,79.0,79.0,90.0
27Q261 - Voyages Prep - South Queens,65.0,85.0,97.0,99.0,74.0,96.0,98.0,99.0
27Q262 - Channel View School for Research,67.0,79.0,90.0,85.0,67.0,78.0,90.0,86.0
27Q282 - Knowledge and Power Preparatory Academy VI,68.0,85.0,93.0,96.0,76.0,86.0,92.0,90.0
27Q297 - Hawtree Creek Middle School,78.0,90.0,95.0,96.0,84.0,87.0,94.0,93.0
"27Q302 - Queens High School for Information, Research, and Technology",77.0,84.0,96.0,94.0,83.0,92.0,95.0,95.0
27Q308 - Robert H. Goddard High School of Communication Arts and Technology,65.0,79.0,92.0,83.0,69.0,81.0,91.0,90.0
27Q309 - Academy of Medical Technology: A College Board School,65.0,81.0,90.0,84.0,75.0,76.0,91.0,90.0
27Q314 - Epic High School - South,73.0,79.0,89.0,80.0,70.0,81.0,90.0,88.0
27Q318 - Waterside School For Leadership,65.0,79.0,89.0,93.0,66.0,79.0,91.0,84.0
27Q319 - Village Academy,69.0,75.0,89.0,90.0,72.0,78.0,86.0,87.0
27Q323 - Scholars' Academy,79.0,82.0,91.0,88.0,72.0,83.0,94.0,89.0
27Q324 - Rockaway Park High School for Environmental Sustainability,57.0,71.0,91.0,80.0,68.0,74.0,89.0,86.0
27Q351 - Rockaway Collegiate High School,66.0,76.0,90.0,81.0,73.0,74.0,86.0,89.0
27Q400 - August Martin High School,71.0,79.0,94.0,82.0,72.0,86.0,92.0,89.0
27Q475 - Richmond Hill High School,58.0,72.0,89.0,80.0,60.0,77.0,85.0,86.0
27Q480 - John Adams High School,64.0,76.0,91.0,83.0,66.0,72.0,87.0,87.0
"27Q650 - High School for Construction Trades, Engineering and Architecture",72.0,76.0,88.0,85.0,64.0,80.0,89.0,85.0
28Q008 - J.H.S. 008 Richard S. Grossley,66.0,73.0,90.0,85.0,66.0,71.0,83.0,85.0
28Q072 - Catherine & Count Basie Middle School 72,64.0,71.0,89.0,88.0,66.0,74.0,74.0,84.0
28Q099 - P.S. 099 Kew Gardens,59.0,83.0,93.0,73.0,84.0,82.0,95.0,89.0
28Q157 - J.H.S. 157 Stephen A. Halsey,69.0,84.0,92.0,85.0,69.0,82.0,92.0,87.0
28Q167 - Metropolitan Expeditionary Learning School,72.0,81.0,92.0,91.0,73.0,83.0,92.0,89.0
28Q190 - J.H.S. 190 Russell Sage,61.0,76.0,87.0,86.0,60.0,73.0,87.0,82.0
28Q217 - J.H.S. 217 Robert A. Van Wyck,69.0,78.0,91.0,90.0,67.0,72.0,84.0,88.0
28Q284 - York Early College Academy,79.0,86.0,94.0,90.0,76.0,76.0,87.0,90.0
28Q287 - The Emerson School,64.0,73.0,90.0,88.0,61.0,66.0,77.0,83.0
28Q310 - Queens Collegiate: A College Board School,68.0,75.0,93.0,84.0,66.0,80.0,87.0,87.0
28Q325 - Hillside Arts & Letters Academy,73.0,84.0,95.0,86.0,81.0,82.0,91.0,93.0
28Q328 - High School for Community Leadership,72.0,85.0,94.0,86.0,78.0,86.0,93.0,92.0
28Q332 - Redwood Middle School,61.0,72.0,87.0,88.0,61.0,65.0,80.0,80.0
28Q338 - Queens Satellite High School for Opportunity,64.0,89.0,95.0,90.0,78.0,96.0,91.0,96.0
28Q350 - Jamaica Gateway to the Sciences,73.0,82.0,93.0,87.0,76.0,85.0,90.0,90.0
28Q358 - M.S. 358,72.0,86.0,97.0,92.0,82.0,89.0,94.0,95.0
28Q440 - Forest Hills High School,62.0,74.0,89.0,78.0,57.0,71.0,87.0,85.0
28Q505 - Hillcrest High School,66.0,76.0,92.0,85.0,64.0,77.0,87.0,88.0
28Q620 - Thomas A. Edison Career and Technical Education High School,68.0,77.0,90.0,80.0,60.0,82.0,90.0,86.0
28Q680 - Queens Gateway to Health Sciences Secondary School,70.0,76.0,91.0,67.0,56.0,82.0,91.0,85.0
28Q686 - Queens Metropolitan High School,63.0,72.0,89.0,93.0,59.0,81.0,92.0,84.0
28Q687 - Queens High School for the Sciences at York College,78.0,79.0,90.0,88.0,62.0,88.0,80.0,89.0
28Q690 - High School for Law Enforcement and Public Safety,67.0,73.0,93.0,86.0,64.0,74.0,85.0,88.0
"28Q896 - Young Women's Leadership School, Queens",71.0,71.0,88.0,84.0,51.0,83.0,84.0,79.0
29Q059 - I.S. 059 Springfield Gardens,63.0,77.0,93.0,90.0,63.0,73.0,93.0,86.0
29Q109 - Jean Nuzzi Intermediate School,63.0,77.0,89.0,87.0,64.0,76.0,83.0,83.0
29Q116 - P.S./I.S. 116 William C. Hughley,68.0,77.0,88.0,88.0,74.0,68.0,83.0,82.0
29Q138 - P.S./M.S. 138 Sunrise,62.0,72.0,88.0,89.0,61.0,65.0,81.0,81.0
29Q147 - P.S./M.S. 147 Ronald McNair,70.0,84.0,87.0,92.0,71.0,79.0,91.0,88.0
29Q192 - I.S. 192 The Linden,66.0,79.0,90.0,90.0,69.0,73.0,86.0,84.0
29Q208 - P.S./I.S. 208,55.0,73.0,90.0,78.0,58.0,84.0,92.0,78.0
29Q238 - I.S. 238 - Susan B. Anthony Academy,62.0,76.0,90.0,90.0,62.0,64.0,84.0,85.0
29Q243 - Institute for Health Professions at Cambria Heights,74.0,79.0,92.0,85.0,75.0,92.0,95.0,92.0
29Q248 - Queens Preparatory Academy,63.0,70.0,91.0,84.0,66.0,74.0,81.0,84.0
29Q259 - Pathways College Preparatory School: A College Board School,69.0,74.0,90.0,90.0,62.0,72.0,84.0,84.0
29Q265 - Excelsior Preparatory High School,66.0,74.0,94.0,72.0,50.0,67.0,100.0,87.0
29Q268 - P.S./I.S. 268,66.0,75.0,89.0,87.0,66.0,76.0,85.0,85.0
29Q270 - The Gordon Parks School,64.0,74.0,88.0,91.0,62.0,63.0,88.0,81.0
29Q272 - George Washington Carver High School for the Sciences,64.0,66.0,88.0,86.0,55.0,79.0,88.0,84.0
29Q283 - Preparatory Academy for Writers: A College Board School,66.0,78.0,88.0,87.0,74.0,63.0,84.0,79.0
29Q289 - Queens United Middle School,68.0,73.0,89.0,87.0,65.0,72.0,88.0,84.0
29Q295 - P.S./I.S. 295,62.0,75.0,88.0,92.0,63.0,76.0,89.0,82.0
29Q313 - Benjamin Franklin High School for Finance & Information Technology,84.0,89.0,95.0,93.0,85.0,85.0,95.0,94.0
29Q326 - Cambria Heights Academy,70.0,80.0,95.0,93.0,74.0,77.0,90.0,89.0
29Q327 - Eagle Academy for Young Men III,69.0,79.0,88.0,89.0,74.0,72.0,83.0,85.0
29Q355 - Collaborative Arts Middle School,76.0,80.0,92.0,92.0,72.0,81.0,91.0,89.0
29Q356 - Community Voices Middle School,67.0,79.0,91.0,90.0,70.0,76.0,90.0,90.0
"29Q492 - Mathematics, Science Research and Technology Magnet High School",73.0,85.0,94.0,87.0,80.0,91.0,95.0,94.0
"29Q498 - Health, Arts, Robotics, and Technology High School",62.0,72.0,91.0,86.0,60.0,80.0,87.0,84.0
30Q010 - I.S. 010 Horace Greeley,57.0,81.0,92.0,84.0,67.0,78.0,90.0,86.0
30Q011 - P.S. 011 Kathryn Phelan,68.0,83.0,96.0,81.0,76.0,82.0,95.0,89.0
30Q078 - P.S./I.S. 78Q,65.0,83.0,88.0,86.0,69.0,85.0,92.0,82.0
30Q111 - P.S. 111 Jacob Blackwell,56.0,73.0,83.0,83.0,66.0,68.0,78.0,85.0
30Q122 - P.S. 122 Mamie Fay,72.0,84.0,89.0,86.0,67.0,86.0,93.0,85.0
30Q126 - Albert Shanker School for Visual and Performing Arts,62.0,77.0,87.0,86.0,63.0,74.0,84.0,82.0
30Q127 - P.S. 127 Aerospace Science Magnet School,55.0,77.0,90.0,86.0,64.0,76.0,85.0,85.0
30Q141 - I.S. 141 The Steinway,66.0,82.0,90.0,88.0,70.0,77.0,91.0,87.0
30Q145 - I.S. 145 Joseph Pulitzer,66.0,79.0,92.0,90.0,68.0,81.0,89.0,87.0
30Q150 - P.S. 150 Queens,70.0,90.0,93.0,84.0,82.0,76.0,90.0,95.0
30Q204 - I.S. 204 Oliver W. Holmes,70.0,78.0,91.0,87.0,70.0,76.0,87.0,86.0
30Q227 - I.S. 227 Louis Armstrong,68.0,82.0,92.0,86.0,69.0,85.0,93.0,88.0
30Q230 - I.S. 230,67.0,81.0,93.0,88.0,70.0,83.0,92.0,88.0
30Q235 - Academy for New Americans,79.0,93.0,98.0,97.0,85.0,97.0,98.0,97.0
30Q258 - Energy Tech High School,74.0,84.0,93.0,85.0,79.0,93.0,93.0,92.0
"30Q286 - Young Women's Leadership School, Astoria",74.0,80.0,93.0,88.0,69.0,92.0,90.0,89.0
30Q291 - Hunters Point Community Middle School,73.0,81.0,95.0,93.0,76.0,85.0,92.0,89.0
30Q300 - The 30th Avenue School (G&T Citywide),81.0,86.0,93.0,92.0,74.0,94.0,95.0,91.0
30Q301 - Academy for Careers in Television and Film,74.0,89.0,95.0,87.0,84.0,96.0,98.0,93.0
30Q445 - William Cullen Bryant High School,67.0,74.0,92.0,82.0,66.0,76.0,90.0,87.0
30Q450 - Long Island City High School,58.0,77.0,89.0,76.0,70.0,81.0,91.0,89.0
30Q501 - Frank Sinatra School of the Arts High School,74.0,76.0,90.0,77.0,59.0,86.0,93.0,87.0
30Q502 - Information Technology High School,59.0,70.0,91.0,73.0,56.0,85.0,92.0,85.0
30Q555 - Newcomers High School,65.0,80.0,96.0,88.0,74.0,87.0,92.0,94.0
30Q575 - Academy of American Studies,65.0,75.0,86.0,68.0,57.0,80.0,86.0,85.0
30Q580 - Baccalaureate School for Global Education,77.0,73.0,84.0,74.0,53.0,80.0,89.0,80.0
31R002 - I.S. R002 George L. Egbert,57.0,76.0,88.0,85.0,65.0,76.0,87.0,85.0
31R007 - I.S. 007 Elias Bernstein,68.0,85.0,90.0,90.0,74.0,82.0,93.0,90.0
31R024 - I.S. 024 Myra S. Barnes,61.0,80.0,90.0,85.0,66.0,83.0,93.0,89.0
31R027 - I.S. 027 Anning S. Prall,59.0,82.0,90.0,90.0,71.0,74.0,87.0,89.0
31R028 - The Eagle Academy for Young Men of Staten Island,72.0,81.0,92.0,90.0,75.0,75.0,84.0,88.0
31R034 - I.S. 034 Tottenville,62.0,80.0,88.0,91.0,65.0,82.0,93.0,87.0
31R047 - CSI High School for International Studies,70.0,79.0,92.0,85.0,65.0,88.0,94.0,88.0
31R048 - P.S. 048 William G. Wilcox,56.0,70.0,85.0,81.0,54.0,71.0,88.0,80.0
31R049 - I.S. 49 Berta A. Dreyfus,64.0,73.0,91.0,85.0,65.0,66.0,77.0,85.0
31R051 - I.S. 051 Edwin Markham,56.0,78.0,88.0,88.0,61.0,65.0,86.0,83.0
31R061 - I.S. 061 William A Morris,57.0,75.0,88.0,90.0,65.0,71.0,86.0,86.0
31R063 - Marsh Avenue School for Expeditionary Learning,76.0,86.0,94.0,92.0,77.0,91.0,96.0,91.0
31R064 - Gaynor McCown Expeditionary Learning School,69.0,77.0,90.0,84.0,63.0,84.0,95.0,88.0
31R072 - I.S. 072 Rocco Laurie,57.0,79.0,88.0,85.0,65.0,70.0,88.0,85.0
31R075 - I.S. 075 Frank D. Paulo,66.0,84.0,90.0,86.0,73.0,79.0,93.0,89.0
31R080 - The Michael J. Petrides School,56.0,71.0,86.0,81.0,55.0,69.0,88.0,83.0
31R440 - New Dorp High School,61.0,76.0,90.0,80.0,62.0,77.0,92.0,88.0
31R445 - Port Richmond High School,63.0,75.0,92.0,82.0,63.0,77.0,90.0,88.0
31R450 - Curtis High School,63.0,69.0,90.0,78.0,51.0,77.0,90.0,84.0
31R455 - Tottenville High School,68.0,74.0,90.0,77.0,61.0,68.0,91.0,87.0
31R460 - Susan E. Wagner High School,63.0,72.0,90.0,81.0,56.0,71.0,90.0,86.0
31R470 - Concord High School,68.0,88.0,89.0,94.0,81.0,94.0,88.0,97.0
31R600 - Ralph R. McKee Career and Technical Education High School,63.0,78.0,92.0,85.0,71.0,79.0,92.0,90.0
31R605 - Staten Island Technical High School,79.0,84.0,93.0,90.0,66.0,93.0,97.0,91.0
31R861 - Staten Island School of Civic Leadership,52.0,73.0,86.0,85.0,61.0,74.0,81.0,85.0
32K045 - P.S./I.S. 045 Horace E. Greene,69.0,76.0,90.0,91.0,74.0,71.0,82.0,84.0
32K162 - J.H.S. 162 The Willoughby,68.0,80.0,93.0,90.0,75.0,82.0,90.0,90.0
32K168 - The Brooklyn School for Math and Research,78.0,80.0,94.0,86.0,70.0,86.0,99.0,92.0
32K291 - J.H.S. 291 Roland Hayes,62.0,76.0,89.0,87.0,66.0,76.0,83.0,84.0
32K347 - I.S. 347 School of Humanities,70.0,75.0,89.0,88.0,74.0,75.0,93.0,87.0
"32K349 - I.S. 349 Math, Science & Tech.",59.0,76.0,91.0,94.0,66.0,79.0,87.0,87.0
32K383 - J.H.S. 383 Philippa Schuyler,68.0,73.0,91.0,90.0,61.0,74.0,88.0,83.0
32K384 - P.S. /I.S. 384 Frances E. Carter,62.0,79.0,90.0,92.0,70.0,67.0,89.0,90.0
32K403 - Academy for Excellence in Leadership,59.0,76.0,92.0,79.0,78.0,89.0,88.0,91.0
32K545 - EBC High School for Public Service - Bushwick,68.0,75.0,91.0,92.0,68.0,81.0,90.0,89.0
32K549 - The Brooklyn School for Social Justice,62.0,77.0,95.0,92.0,74.0,86.0,85.0,93.0
32K552 - The Academy of Urban Planning and Engineering,70.0,84.0,93.0,82.0,78.0,85.0,88.0,92.0
32K554 - All City Leadership Secondary School,80.0,88.0,93.0,94.0,77.0,94.0,96.0,91.0
32K556 - Bushwick Leaders High School for Academic Excellence,71.0,79.0,93.0,88.0,73.0,87.0,91.0,92.0
32K562 - Evergreen Middle School for Urban Exploration,70.0,80.0,94.0,94.0,76.0,84.0,92.0,88.0
32K564 - Bushwick Community High School,68.0,94.0,97.0,94.0,92.0,93.0,94.0,96.0
75K053 - P.S. K053,72.0,70.0,95.0,100.0,78.0,78.0,89.0,92.0
75K077 - P.S. K077,78.0,88.0,85.0,88.0,82.0,87.0,91.0,91.0
75K140 - P.S. K140,75.0,86.0,84.0,85.0,80.0,74.0,84.0,82.0
75K141 - P.S. K141,87.0,92.0,84.0,85.0,80.0,98.0,82.0,98.0
75K231 - P.S. K231,89.0,91.0,95.0,95.0,89.0,82.0,93.0,94.0
75K368 - P.S. 368,64.0,75.0,88.0,96.0,75.0,79.0,86.0,84.0
75K369 - P.S. K369 - Coy L. Cox School,68.0,81.0,91.0,90.0,78.0,75.0,86.0,89.0
75K370 - P.S. 370,65.0,80.0,84.0,65.0,78.0,85.0,81.0,91.0
75K371 - P.S. 371 - Lillian L. Rashkis,80.0,85.0,94.0,89.0,88.0,77.0,89.0,94.0
75K373 - P.S. 373 - Brooklyn Transition Center,73.0,83.0,90.0,82.0,81.0,64.0,87.0,90.0
75K396 - Sid Miller Academy,91.0,91.0,91.0,96.0,92.0,88.0,94.0,98.0
75K721 - P.S. K721 - Brooklyn Occupational Training Center,80.0,85.0,92.0,70.0,85.0,86.0,90.0,94.0
75K753 - P.S. K753 - School for Career Development,83.0,87.0,97.0,96.0,87.0,84.0,94.0,95.0
75K771 - P.S. K771,66.0,83.0,89.0,93.0,81.0,82.0,87.0,90.0
75K811 - P.S. K811 Connie Lekas School,76.0,94.0,96.0,83.0,76.0,100.0,98.0,98.0
75M035 - P.S. 035,67.0,71.0,89.0,85.0,70.0,73.0,89.0,88.0
75M079 - P.S. M079 - Horan School,81.0,77.0,99.0,86.0,81.0,98.0,61.0,99.0
75M094 - P.S. M094,73.0,89.0,97.0,75.0,78.0,95.0,87.0,100.0
75M138 - P.S. 138,70.0,81.0,93.0,86.0,77.0,85.0,81.0,89.0
75M169 - P.S. M169 - Robert F. Kennedy,73.0,91.0,100.0,100.0,96.0,96.0,90.0,100.0
75M226 - P.S. M226,69.0,79.0,90.0,82.0,77.0,90.0,94.0,97.0
75M721 - P.S. M721 - Manhattan Occupational Training Center,83.0,88.0,95.0,80.0,87.0,93.0,94.0,94.0
75M751 - Manhattan School for Career Development,70.0,84.0,95.0,85.0,83.0,76.0,94.0,92.0
75M811 - P.S. M811 - Mickey Mantle School,88.0,95.0,97.0,100.0,90.0,85.0,98.0,94.0
75Q004 - P.S. Q004,90.0,100.0,99.0,100.0,100.0,100.0,100.0,100.0
75Q009 - P.S. 009,71.0,87.0,96.0,68.0,85.0,99.0,91.0,87.0
75Q023 - P.S. Q023 @ Queens Children Center,57.0,72.0,89.0,79.0,70.0,70.0,85.0,84.0
75Q075 - Robert E. Peary School,72.0,88.0,86.0,91.0,89.0,97.0,96.0,97.0
75Q177 - P.S. Q177,83.0,93.0,97.0,80.0,92.0,95.0,98.0,98.0
75Q224 - P.S. Q224,64.0,83.0,93.0,79.0,73.0,78.0,100.0,95.0
75Q233 - P.S. Q233,75.0,86.0,98.0,85.0,85.0,92.0,95.0,94.0
75Q255 - P.S. Q255,80.0,83.0,100.0,90.0,89.0,92.0,100.0,100.0
75Q256 - P.S. Q256,62.0,81.0,86.0,92.0,80.0,68.0,92.0,93.0
75Q277 - The Riverview School,76.0,83.0,92.0,77.0,84.0,90.0,93.0,92.0
75Q721 - John F. Kennedy Jr. School,79.0,84.0,94.0,76.0,85.0,91.0,93.0,94.0
75Q752 - Queens Transition Center,68.0,85.0,98.0,82.0,84.0,63.0,93.0,93.0
75Q811 - P.S. Q811,71.0,76.0,98.0,87.0,80.0,92.0,90.0,95.0
75Q993 - P.S. Q993,65.0,85.0,81.0,87.0,85.0,93.0,88.0,81.0
75R025 - South Richmond High School I.S./P.S. 25,64.0,78.0,89.0,86.0,76.0,77.0,85.0,87.0
75R037 - The David Marquis School of the Arts,59.0,91.0,98.0,,79.0,90.0,77.0,91.0
75R373 - P.S. R373,73.0,87.0,94.0,95.0,85.0,97.0,95.0,94.0
75R721 - The Richard H. Hungerford School,83.0,93.0,96.0,89.0,94.0,93.0,96.0,98.0
75X010 - P.S. X010,76.0,80.0,91.0,96.0,77.0,87.0,86.0,91.0
75X017 - P.S. X017,74.0,85.0,94.0,90.0,82.0,76.0,86.0,91.0
75X168 - P.S. 168,73.0,87.0,88.0,77.0,87.0,87.0,87.0,91.0
75X176 - P.S. X176,72.0,85.0,95.0,77.0,81.0,85.0,91.0,91.0
75X186 - P186X Walter J. Damrosch School,66.0,74.0,83.0,89.0,73.0,55.0,77.0,82.0
75X188 - P.S. X188,87.0,91.0,97.0,90.0,91.0,91.0,94.0,95.0
75X352 - The Vida Bogart School for All Children,94.0,100.0,100.0,100.0,100.0,100.0,100.0,100.0
75X469 - The Bronx School for Continuous Learners,96.0,100.0,100.0,100.0,100.0,100.0,94.0,100.0
75X721 - P.S. X721 - Stephen McSweeney School,77.0,86.0,91.0,79.0,86.0,74.0,91.0,91.0
75X723 - P.S. 723,70.0,76.0,88.0,91.0,65.0,80.0,83.0,87.0
75X754 - J. M. Rapport School Career Development,71.0,83.0,84.0,88.0,83.0,69.0,94.0,95.0
75X811 - P.S. X811,83.0,94.0,98.0,90.0,94.0,92.0,96.0,97.0
84K037 - Beginning with Children Charter School II,74.0,81.0,94.0,95.0,73.0,84.0,91.0,88.0
84K333 - Explore Exceed Charter School,78.0,86.0,92.0,94.0,82.0,83.0,91.0,90.0
84K355 - Williamsburg Collegiate Charter School,78.0,88.0,96.0,92.0,88.0,86.0,95.0,93.0
84K356 - Achievement First Crown Heights Charter School,75.0,86.0,93.0,82.0,77.0,76.0,90.0,90.0
84K358 - Achievement First East New York Charter School,73.0,83.0,97.0,67.0,68.0,77.0,96.0,94.0
84K360 - Launch Expeditionary Learning Charter School,75.0,83.0,94.0,91.0,76.0,76.0,85.0,88.0
84K362 - Hellenic Classical Charter School,72.0,87.0,90.0,88.0,78.0,88.0,96.0,89.0
84K395 - New Visions AIM Charter High School I,63.0,77.0,97.0,85.0,77.0,85.0,88.0,90.0
"84K406 - EMBER Charter School for Mindful Education, Innovation and Transformation",80.0,74.0,92.0,82.0,78.0,77.0,89.0,86.0
84K417 - Urban Dove Team Charter School,75.0,86.0,97.0,94.0,89.0,73.0,92.0,95.0
84K473 - Williamsburg Charter High School,67.0,76.0,91.0,86.0,65.0,83.0,90.0,87.0
84K486 - New Dawn Charter High School,95.0,96.0,99.0,99.0,97.0,97.0,99.0,99.0
84K508 - Achievement First Endeavor Charter School,72.0,73.0,86.0,71.0,63.0,68.0,94.0,85.0
84K517 - Leadership Prep Bedford Stuyvesant Uncommon Prep Charter School,73.0,80.0,97.0,87.0,69.0,72.0,87.0,83.0
84K536 - Community Roots Charter School,77.0,86.0,93.0,94.0,81.0,86.0,94.0,86.0
84K538 - Achievement First Bushwick Charter School,82.0,91.0,93.0,90.0,82.0,86.0,91.0,92.0
84K593 - Excellence Boys Charter School of Bedford Stuyvesa,76.0,76.0,92.0,91.0,65.0,86.0,99.0,92.0
84K608 - Kings Collegiate Charter School,82.0,88.0,93.0,92.0,83.0,84.0,94.0,93.0
84K626 - Achievement First Brownsville Charter School,66.0,79.0,91.0,84.0,67.0,82.0,79.0,85.0
84K648 - Bedford Stuyvesant Collegiate Charter School,70.0,83.0,94.0,91.0,76.0,83.0,88.0,90.0
84K651 - PAVE Academy Charter School,77.0,72.0,81.0,80.0,60.0,56.0,70.0,76.0
84K693 - Northside Charter High School,70.0,79.0,93.0,91.0,73.0,87.0,94.0,92.0
84K704 - Explore Charter School,66.0,74.0,86.0,85.0,65.0,76.0,82.0,75.0
84K707 - Brooklyn Prospect Charter School,76.0,81.0,91.0,79.0,73.0,82.0,90.0,85.0
84K710 - Brownsville Collegiate Charter School,75.0,100.0,100.0,86.0,100.0,97.0,90.0,97.0
84K712 - Excellence Girls Charter School,73.0,81.0,88.0,84.0,60.0,70.0,85.0,84.0
84K730 - Summit Academy Charter School,74.0,84.0,93.0,85.0,77.0,81.0,92.0,90.0
84K731 - Brooklyn Excelsior Charter School,59.0,79.0,82.0,84.0,64.0,72.0,71.0,78.0
"84K733 - Math, Engineering, and Science Academy Charter High School",75.0,87.0,95.0,91.0,80.0,90.0,93.0,94.0
84K737 - Brownsville Ascend Charter School,66.0,84.0,98.0,88.0,70.0,90.0,94.0,92.0
84K738 - New Visions Charter High School for Advanced Math and Science III,73.0,81.0,91.0,95.0,76.0,77.0,89.0,88.0
84K739 - New Visions Charter High School for the Humanities III,65.0,76.0,91.0,79.0,70.0,76.0,84.0,88.0
84K740 - Brooklyn Scholars Charter School,65.0,73.0,87.0,86.0,59.0,73.0,81.0,73.0
84K742 - Explore Empower Charter School,67.0,82.0,85.0,95.0,73.0,82.0,87.0,84.0
84K744 - Coney Island Preparatory Public Charter School,72.0,81.0,94.0,91.0,74.0,81.0,91.0,92.0
84K746 - Hebrew Language Academy Charter School,64.0,73.0,89.0,81.0,64.0,68.0,84.0,79.0
84K757 - Unity Preparatory Charter School of Brooklyn,74.0,83.0,92.0,88.0,79.0,82.0,90.0,90.0
84K758 - Brooklyn Urban Garden Charter School,66.0,71.0,90.0,83.0,61.0,86.0,91.0,82.0
84K769 - Hyde Leadership Charter School - Brooklyn,69.0,71.0,89.0,96.0,62.0,87.0,87.0,82.0
84K775 - Leadership Preparatory Ocean Hill Charter School,69.0,73.0,90.0,80.0,59.0,76.0,88.0,82.0
84K777 - Ocean Hill Collegiate Charter School,70.0,82.0,94.0,96.0,75.0,78.0,92.0,87.0
84K780 - Brooklyn East Collegiate Charter School,68.0,80.0,91.0,89.0,75.0,92.0,93.0,88.0
84K782 - Bedford Stuyvesant New Beginnings Charter School,65.0,70.0,91.0,90.0,63.0,62.0,88.0,80.0
84K785 - Imagine Me Leadership Charter School,69.0,84.0,88.0,90.0,78.0,84.0,80.0,83.0
84K803 - Brooklyn Laboratory Charter School,71.0,77.0,89.0,80.0,67.0,73.0,82.0,83.0
84K807 - Collegiate Academy for Mathematics and Personal Awareness Charter School,100.0,100.0,100.0,100.0,100.0,100.0,100.0,100.0
84K879 - Brooklyn Prospect Charter School - CSD 13,74.0,79.0,95.0,83.0,75.0,86.0,89.0,87.0
84K892 - Brooklyn Emerging Leaders Academy Charter School,77.0,93.0,100.0,97.0,87.0,100.0,100.0,100.0
84K911 - Edmund W. Gordon Brooklyn Laboratory Charter School,69.0,75.0,85.0,71.0,71.0,77.0,85.0,78.0
84K928 - Brooklyn Prospect Charter School - CSD 15.2,79.0,87.0,96.0,86.0,85.0,99.0,94.0,93.0
84M065 - Democracy Preparatory Endurance Charter School,66.0,68.0,87.0,80.0,60.0,83.0,72.0,80.0
84M068 - KIPP NYC Washington Heights Academy Charter School,74.0,77.0,88.0,87.0,72.0,69.0,92.0,87.0
84M085 - Global Community Charter School,78.0,83.0,99.0,86.0,90.0,93.0,99.0,96.0
84M100 - Neighborhood Charter School of Harlem,68.0,73.0,92.0,79.0,76.0,79.0,91.0,87.0
84M186 - Harlem Hebrew Language Academy Charter School,56.0,67.0,86.0,78.0,59.0,63.0,86.0,82.0
84M204 - Capital Preparatory (CP) Harlem Charter School,62.0,67.0,86.0,70.0,54.0,74.0,79.0,77.0
84M263 - New York City Charter School of the Arts,74.0,78.0,90.0,89.0,67.0,90.0,88.0,86.0
84M284 - Harlem Children's Zone Promise Academy 1 Charter School,68.0,79.0,91.0,88.0,72.0,77.0,89.0,84.0
84M295 - School in the Square Public Charter School,70.0,88.0,96.0,95.0,85.0,91.0,94.0,95.0
84M330 - Girls Preparatory Charter School of New York,66.0,67.0,83.0,91.0,56.0,70.0,77.0,76.0
84M335 - Harlem Village Academy East Charter School,68.0,74.0,90.0,85.0,67.0,78.0,82.0,84.0
84M336 - KIPP Infinity Charter School,67.0,77.0,91.0,89.0,68.0,76.0,92.0,87.0
84M341 - Harlem Children's Zone Promise Academy II Charter School,73.0,77.0,91.0,92.0,71.0,68.0,88.0,85.0
84M350 - Democracy Preparatory Charter School,72.0,77.0,91.0,93.0,64.0,85.0,88.0,83.0
84M353 - New Heights Academy Charter School,73.0,79.0,91.0,91.0,71.0,82.0,91.0,85.0
84M382 - DREAM Charter School,73.0,79.0,89.0,86.0,77.0,80.0,89.0,87.0
84M388 - St. HOPE Leadership Academy Charter School,77.0,88.0,96.0,95.0,83.0,87.0,94.0,92.0
84M430 - The Equity Project Charter School (TEP),80.0,89.0,94.0,95.0,85.0,80.0,93.0,92.0
84M433 - Innovation Charter High School,65.0,79.0,92.0,86.0,73.0,88.0,88.0,88.0
84M478 - Inwood Academy for Leadership Charter School,67.0,75.0,90.0,85.0,69.0,80.0,91.0,89.0
84M481 - Democracy Preparatory Harlem Charter School,70.0,77.0,89.0,77.0,66.0,80.0,84.0,83.0
84M522 - Broome Street Academy Charter High School,67.0,69.0,97.0,83.0,65.0,73.0,86.0,89.0
84M704 - Harbor Science and Arts Charter School,66.0,81.0,89.0,96.0,73.0,73.0,91.0,85.0
84M707 - John V. Lindsay Wildcat Academy Charter School,94.0,95.0,100.0,96.0,96.0,99.0,98.0,96.0
84M708 - Harlem Prep Charter School,71.0,78.0,93.0,83.0,71.0,76.0,90.0,88.0
84M709 - Harlem Village Academy West Charter School,56.0,50.0,81.0,85.0,51.0,79.0,90.0,68.0
84M726 - KIPP S.T.A.R. College Preparatory Charter School,69.0,85.0,93.0,92.0,72.0,80.0,90.0,90.0
84Q083 - Central Queens Academy Charter School,73.0,82.0,93.0,93.0,71.0,86.0,91.0,84.0
84Q298 - Middle Village Preparatory Charter School,68.0,80.0,91.0,85.0,69.0,88.0,90.0,83.0
84Q304 - VOICE Charter School of New York,71.0,80.0,92.0,92.0,76.0,88.0,91.0,89.0
84Q320 - New Visions Charter High School for Advanced Math and Science IV,74.0,84.0,93.0,88.0,77.0,86.0,91.0,90.0
84Q359 - Academy of the City Charter School,68.0,74.0,93.0,86.0,67.0,81.0,88.0,87.0
84Q373 - New Visions Charter High School for the Humanities IV,74.0,79.0,93.0,93.0,77.0,80.0,90.0,91.0
84Q380 - Forte Preparatory Academy Charter School,75.0,83.0,93.0,91.0,77.0,93.0,93.0,91.0
84Q388 - New Dawn Charter High School II,68.0,80.0,95.0,92.0,86.0,88.0,90.0,94.0
84Q705 - Renaissance Charter School,66.0,74.0,91.0,82.0,59.0,87.0,94.0,86.0
84Q706 - Our World Neighborhood Charter School,68.0,71.0,89.0,85.0,63.0,77.0,88.0,81.0
84R012 - New Ventures Charter School,72.0,93.0,97.0,94.0,89.0,92.0,97.0,98.0
84R067 - John W. Lavelle Preparatory Charter School,69.0,79.0,90.0,87.0,73.0,74.0,88.0,86.0
84R070 - Lois and Richard Nicotra Early College Charter School,71.0,90.0,96.0,91.0,87.0,84.0,93.0,93.0
84R073 - New World Preparatory Charter School,63.0,78.0,88.0,91.0,70.0,83.0,89.0,84.0
84X124 - Children's Aid College Prep Charter School,63.0,73.0,90.0,89.0,63.0,69.0,80.0,79.0
84X165 - Grand Concourse Academy Charter School,71.0,85.0,93.0,95.0,78.0,84.0,93.0,91.0
84X177 - Mott Hall Charter School,68.0,72.0,87.0,86.0,63.0,72.0,77.0,81.0
84X185 - Pharos Academy Charter School,69.0,72.0,90.0,80.0,56.0,77.0,89.0,83.0
84X200 - New Visions AIM Charter High School II,71.0,85.0,95.0,91.0,86.0,86.0,88.0,96.0
84X202 - New Visions Charter High School for Advanced Math and Science II,70.0,86.0,92.0,93.0,80.0,88.0,92.0,93.0
84X208 - New Visions Charter High School for the Humanities II,79.0,86.0,96.0,90.0,82.0,89.0,95.0,95.0
84X255 - Bronx Charter School for Excellence,70.0,83.0,93.0,93.0,74.0,81.0,94.0,92.0
84X309 - South Bronx Charter School for International Cultures and the Arts,70.0,86.0,93.0,90.0,80.0,92.0,92.0,91.0
84X345 - Leaders In Our Neighborhood Charter School,74.0,78.0,95.0,86.0,72.0,84.0,87.0,90.0
84X346 - South Bronx Classical Charter School,83.0,97.0,100.0,93.0,97.0,80.0,100.0,100.0
84X364 - South Bronx Classical Charter School II,74.0,81.0,88.0,98.0,71.0,90.0,92.0,80.0
84X387 - Brilla College Preparatory Charter School,72.0,83.0,93.0,96.0,75.0,74.0,89.0,89.0
84X389 - Bronx Global Learning Institute for Girls Charter School,68.0,63.0,90.0,86.0,56.0,79.0,88.0,83.0
84X393 - University Prep Charter High School,75.0,83.0,93.0,86.0,72.0,88.0,92.0,91.0
84X394 - Mott Haven Charter School,72.0,81.0,93.0,95.0,79.0,76.0,89.0,91.0
"84X395 - NYC Charter High School for Architecture, Engineering and Construction Industries (AECI)",66.0,80.0,94.0,85.0,70.0,89.0,90.0,90.0
84X398 - Bronx Community Charter School,71.0,79.0,96.0,97.0,80.0,79.0,94.0,92.0
84X419 - Bronx Academy of Promise Charter School,67.0,86.0,92.0,95.0,76.0,80.0,91.0,89.0
84X429 - Charter High School for Law and Social Justice,69.0,81.0,92.0,87.0,72.0,85.0,87.0,89.0
84X460 - Atmosphere Academy Public Charter School,71.0,81.0,89.0,92.0,70.0,81.0,88.0,85.0
84X461 - Nuasin Next Generation Charter School,73.0,81.0,92.0,77.0,72.0,75.0,84.0,84.0
84X465 - Boys Preparatory Charter School of New York,75.0,83.0,91.0,89.0,70.0,79.0,84.0,88.0
84X471 - American Dream Charter School,77.0,87.0,96.0,92.0,82.0,92.0,92.0,93.0
84X482 - Dr. Richard Izquierdo Health and Science Charter School,69.0,79.0,92.0,94.0,71.0,83.0,89.0,90.0
84X488 - The Equality Charter School,72.0,80.0,90.0,90.0,71.0,81.0,87.0,85.0
84X491 - Academic Leadership Charter School,70.0,83.0,92.0,84.0,77.0,77.0,82.0,87.0
84X492 - South Bronx Early College Academy Charter School,72.0,81.0,93.0,91.0,71.0,84.0,87.0,89.0
84X539 - New Visions Charter High School for Advanced Math and Science,77.0,83.0,91.0,94.0,74.0,89.0,95.0,92.0
84X553 - New Visions Charter High School for the Humanities,67.0,79.0,92.0,91.0,70.0,81.0,93.0,91.0
84X581 - South Bronx Community Charter High School,75.0,78.0,92.0,91.0,72.0,85.0,91.0,89.0
84X585 - Legacy College Preparatory Charter School,70.0,76.0,93.0,92.0,71.0,82.0,85.0,84.0
84X597 - Urban Assembly Charter School for Computer Science,80.0,92.0,96.0,95.0,86.0,92.0,95.0,95.0
84X606 - Emblaze Academy Charter School,73.0,88.0,77.0,100.0,68.0,84.0,93.0,96.0
84X610 - Urban Dove Team Charter School II,95.0,96.0,99.0,98.0,99.0,99.0,99.0,99.0
84X611 - AECI II: NYC Charter High School for Computer Engineering and Innovation,73.0,83.0,92.0,82.0,79.0,91.0,89.0,91.0
84X615 - University Prep Charter Middle School,68.0,80.0,92.0,84.0,71.0,88.0,83.0,89.0
84X617 - KIPP Bronx Charter School III,68.0,84.0,91.0,87.0,80.0,88.0,92.0,91.0
84X627 - Capital Preparatory Bronx Charter School,76.0,79.0,92.0,80.0,69.0,91.0,91.0,88.0
84X703 - Bronx Preparatory Charter School,71.0,74.0,90.0,87.0,58.0,82.0,85.0,79.0
84X704 - KIPP Academy Charter School,72.0,76.0,95.0,91.0,67.0,77.0,93.0,87.0
84X706 - Harriet Tubman Charter School,71.0,84.0,90.0,88.0,68.0,81.0,87.0,81.0
84X730 - Bronx Charter School for the Arts,73.0,79.0,91.0,89.0,70.0,81.0,89.0,88.0
